2025-12-26 21:42:37 - VideoGen - INFO - 📦 REQUEST PAYLOAD: {'tema': 'Teste Ultra Speed', 'idioma': <Language.PT: 'pt'>, 'formato': <VideoFormat.VERTICAL: 'vertical'>, 'estilo': <ScriptStyle.EDUCATIONAL: 'educational'>, 'duracao': <VideoDuration.SHORT: 'short'>, 'edicao': <EditStyle.TIKTOK: 'tiktok'>, 'voz': <VoicePreset.ALLOY: 'alloy'>, 'voz_instrucao': 'brazilian_energetic'}
2025-12-26 21:42:37 - VideoGen - INFO - 📝 [ce6680e2] Generating script: Teste Ultra Speed
2025-12-26 21:42:37 - VideoGen - INFO -     Style: educational | Duration: short | Edit: tiktok
2025-12-26 21:42:41 - VideoGen - INFO - ✅ [ce6680e2] Script: 5 scenes
2025-12-26 21:42:41 - VideoGen - INFO - 🎤 [ce6680e2] Generating audio (voice: alloy)
2025-12-26 21:42:41 - VideoGen - INFO - 🎤 Generating TTS (819 chars) using alloy...
2025-12-26 21:42:51 - VideoGen - INFO - ✅ Audio saved: /Users/joao/core-casts/chatterbox/videogen/temp/ce6680e2/audio.mp3
2025-12-26 21:42:51 - VideoGen - INFO - ✅ [ce6680e2] Audio generated
2025-12-26 21:42:51 - VideoGen - INFO - 📜 [ce6680e2] Generating subtitles...
2025-12-26 21:42:51 - VideoGen - INFO - 📜 Generating subtitles (Whisper) for /Users/joao/core-casts/chatterbox/videogen/temp/ce6680e2/audio.mp3...
2025-12-26 21:42:55 - VideoGen - INFO - ✅ Subtitles saved: /Users/joao/core-casts/chatterbox/videogen/temp/ce6680e2/subtitles.srt
2025-12-26 21:42:55 - VideoGen - INFO - 🎥 [ce6680e2] Composing video
2025-12-26 21:42:55 - VideoGen - INFO - 📐 Video: 720x1280, Duration: 48.6s
2025-12-26 21:42:55 - VideoGen - INFO - 🎵 Music: veighnovobalanco.m4a
2025-12-26 21:42:55 - VideoGen - INFO - 🎵 Background music mixed (Standard - Vol 0.1)
2025-12-26 21:42:55 - VideoGen - INFO - 🎬 Encoding refined video (5 scenes)...
2025-12-26 22:08:26 - VideoGen - INFO - ✅ Video composed successfully!
2025-12-26 22:08:26 - VideoGen - INFO - 🎉 [ce6680e2] Video complete: video_ce6680e2_1766796175.mp4
2025-12-29 14:27:11 - VideoGen - INFO - 📦 REQUEST PAYLOAD: {'tema': 'a importancia do ventilador', 'idioma': <Language.PT: 'pt'>, 'formato': <VideoFormat.VERTICAL: 'vertical'>, 'estilo': <ScriptStyle.EDUCATIONAL: 'educational'>, 'duracao': <VideoDuration.SHORT: 'short'>, 'edicao': <EditStyle.TIKTOK: 'tiktok'>, 'voz': <VoicePreset.MARIN: 'marin'>, 'voz_instrucao': 'brazilian_energetic'}
2025-12-29 14:27:11 - VideoGen - INFO - 📝 [85103b6e] Generating script: a importancia do ventilador
2025-12-29 14:27:11 - VideoGen - INFO -     Style: educational | Duration: short | Edit: tiktok
2025-12-29 14:27:16 - VideoGen - INFO - ✅ [85103b6e] Script: 5 scenes
2025-12-29 14:27:16 - VideoGen - INFO - 🎤 [85103b6e] Generating audio (voice: marin)
2025-12-29 14:27:16 - VideoGen - INFO - 🎤 Generating TTS (589 chars) using marin...
2025-12-29 14:27:25 - VideoGen - INFO - ✅ Audio saved: /Users/joao/core-casts/chatterbox/videogen/temp/85103b6e/audio.mp3
2025-12-29 14:27:25 - VideoGen - INFO - ✅ [85103b6e] Audio generated
2025-12-29 14:27:25 - VideoGen - INFO - 📜 [85103b6e] Generating subtitles...
2025-12-29 14:27:25 - VideoGen - INFO - 📜 Generating subtitles (Whisper) for /Users/joao/core-casts/chatterbox/videogen/temp/85103b6e/audio.mp3...
2025-12-29 14:27:31 - VideoGen - INFO - ✅ Subtitles saved: /Users/joao/core-casts/chatterbox/videogen/temp/85103b6e/subtitles.srt
2025-12-29 14:27:31 - VideoGen - INFO - 🎥 [85103b6e] Composing video
2025-12-29 14:27:38 - VideoGen - INFO - 📐 Video: 720x1280, Duration: 35.5s
2025-12-29 14:27:38 - VideoGen - INFO - 🎵 Music: veighnovobalanco.m4a
2025-12-29 14:27:38 - VideoGen - INFO - 🎵 Background music mixed (Standard - Vol 0.1)
2025-12-29 14:27:38 - VideoGen - INFO - 🎬 Encoding refined video (5 scenes)...
2025-12-29 14:30:05 - VideoGen - INFO - ✅ Video composed successfully!
2025-12-29 14:30:05 - VideoGen - INFO - 🎉 [85103b6e] Video complete: video_85103b6e_1767029251.mp4
2025-12-29 17:17:38 - VideoGen - INFO - 📦 REQUEST PAYLOAD: {'tema': 'como ser youtuber', 'idioma': <Language.PT: 'pt'>, 'formato': <VideoFormat.HORIZONTAL: 'horizontal'>, 'estilo': <ScriptStyle.AUTOLABS: 'autolabs'>, 'duracao': <VideoDuration.MEDIUM: 'medium'>, 'edicao': <EditStyle.TIKTOK: 'tiktok'>, 'voz': <VoicePreset.MARIN: 'marin'>, 'voz_instrucao': 'brazilian_energetic', 'velocidade': 1.5}
2025-12-29 17:17:38 - VideoGen - INFO - 📝 [6b3f671b] Generating script: como ser youtuber
2025-12-29 17:17:38 - VideoGen - INFO -     Style: autolabs | Duration: medium | Edit: tiktok
2025-12-29 17:17:49 - VideoGen - INFO - ✅ [6b3f671b] Script: 8 scenes
2025-12-29 17:17:49 - VideoGen - INFO - 🎤 [6b3f671b] Generating audio (voice: marin)
2025-12-29 17:17:49 - VideoGen - INFO - 🎤 Generating TTS (80 chars) using marin...
2025-12-29 17:17:52 - VideoGen - INFO - ✅ Audio saved: /Users/joao/core-casts/chatterbox/videogen/temp/6b3f671b/scene_01.mp3
2025-12-29 17:17:52 - VideoGen - INFO - 🎤 Generating TTS (142 chars) using marin...
2025-12-29 17:17:56 - VideoGen - INFO - ✅ Audio saved: /Users/joao/core-casts/chatterbox/videogen/temp/6b3f671b/scene_02.mp3
2025-12-29 17:17:56 - VideoGen - INFO - 🎤 Generating TTS (168 chars) using marin...
2025-12-29 17:17:59 - VideoGen - INFO - ✅ Audio saved: /Users/joao/core-casts/chatterbox/videogen/temp/6b3f671b/scene_03.mp3
2025-12-29 17:17:59 - VideoGen - INFO - 🎤 Generating TTS (135 chars) using marin...
2025-12-29 17:18:02 - VideoGen - INFO - ✅ Audio saved: /Users/joao/core-casts/chatterbox/videogen/temp/6b3f671b/scene_04.mp3
2025-12-29 17:18:02 - VideoGen - INFO - 🎤 Generating TTS (140 chars) using marin...
2025-12-29 17:18:04 - VideoGen - INFO - ✅ Audio saved: /Users/joao/core-casts/chatterbox/videogen/temp/6b3f671b/scene_05.mp3
2025-12-29 17:18:04 - VideoGen - INFO - 🎤 Generating TTS (107 chars) using marin...
2025-12-29 17:18:07 - VideoGen - INFO - ✅ Audio saved: /Users/joao/core-casts/chatterbox/videogen/temp/6b3f671b/scene_06.mp3
2025-12-29 17:18:07 - VideoGen - INFO - 🎤 Generating TTS (114 chars) using marin...
2025-12-29 17:18:08 - VideoGen - INFO - ✅ Audio saved: /Users/joao/core-casts/chatterbox/videogen/temp/6b3f671b/scene_07.mp3
2025-12-29 17:18:08 - VideoGen - INFO - 🎤 Generating TTS (92 chars) using marin...
2025-12-29 17:18:11 - VideoGen - INFO - ✅ Audio saved: /Users/joao/core-casts/chatterbox/videogen/temp/6b3f671b/scene_08.mp3
2025-12-29 17:18:42 - VideoGen - INFO - ✅ [6b3f671b] Audio generated
2025-12-29 17:18:42 - VideoGen - INFO - 🎥 [6b3f671b] Composing video
2025-12-29 17:18:44 - VideoGen - INFO - 📐 Video: 1280x720, Duration: 44.7s
2025-12-29 17:20:42 - VideoGen - INFO - 🎉 [6b3f671b] Video complete: video_6b3f671b_1767039522.mp4
2025-12-29 17:25:30 - VideoGen - INFO - 📦 REQUEST PAYLOAD: {'tema': 'como ficar rico em 2026', 'idioma': <Language.PT: 'pt'>, 'formato': <VideoFormat.HORIZONTAL: 'horizontal'>, 'estilo': <ScriptStyle.AUTOLABS: 'autolabs'>, 'duracao': <VideoDuration.MEDIUM: 'medium'>, 'edicao': <EditStyle.TIKTOK: 'tiktok'>, 'voz': <VoicePreset.ASH: 'ash'>, 'voz_instrucao': 'brazilian_energetic', 'velocidade': 1.5}
2025-12-29 17:25:30 - VideoGen - INFO - 📝 [c63b90e3] Generating script: como ficar rico em 2026
2025-12-29 17:25:30 - VideoGen - INFO -     Style: autolabs | Duration: medium | Edit: tiktok
2025-12-29 17:25:38 - VideoGen - INFO - ✅ [c63b90e3] Script: 8 scenes
2025-12-29 17:25:38 - VideoGen - INFO - 🎤 [c63b90e3] Generating audio (voice: ash)
2025-12-29 17:25:38 - VideoGen - INFO - 🎤 Generating TTS (32 chars) using ash...
2025-12-29 17:25:41 - VideoGen - INFO - ✅ Audio saved: /Users/joao/core-casts/chatterbox/videogen/temp/c63b90e3/scene_01.mp3
2025-12-29 17:25:41 - VideoGen - INFO - 🎤 Generating TTS (58 chars) using ash...
2025-12-29 17:25:43 - VideoGen - INFO - ✅ Audio saved: /Users/joao/core-casts/chatterbox/videogen/temp/c63b90e3/scene_02.mp3
2025-12-29 17:25:43 - VideoGen - INFO - 🎤 Generating TTS (66 chars) using ash...
2025-12-29 17:25:44 - VideoGen - INFO - ✅ Audio saved: /Users/joao/core-casts/chatterbox/videogen/temp/c63b90e3/scene_03.mp3
2025-12-29 17:25:44 - VideoGen - INFO - 🎤 Generating TTS (81 chars) using ash...
2025-12-29 17:25:46 - VideoGen - INFO - ✅ Audio saved: /Users/joao/core-casts/chatterbox/videogen/temp/c63b90e3/scene_04.mp3
2025-12-29 17:25:46 - VideoGen - INFO - 🎤 Generating TTS (57 chars) using ash...
2025-12-29 17:25:49 - VideoGen - INFO - ✅ Audio saved: /Users/joao/core-casts/chatterbox/videogen/temp/c63b90e3/scene_05.mp3
2025-12-29 17:25:49 - VideoGen - INFO - 🎤 Generating TTS (64 chars) using ash...
2025-12-29 17:25:51 - VideoGen - INFO - ✅ Audio saved: /Users/joao/core-casts/chatterbox/videogen/temp/c63b90e3/scene_06.mp3
2025-12-29 17:25:51 - VideoGen - INFO - 🎤 Generating TTS (62 chars) using ash...
2025-12-29 17:25:53 - VideoGen - INFO - ✅ Audio saved: /Users/joao/core-casts/chatterbox/videogen/temp/c63b90e3/scene_07.mp3
2025-12-29 17:25:53 - VideoGen - INFO - 🎤 Generating TTS (48 chars) using ash...
2025-12-29 17:25:55 - VideoGen - INFO - ✅ Audio saved: /Users/joao/core-casts/chatterbox/videogen/temp/c63b90e3/scene_08.mp3
2025-12-29 17:26:00 - VideoGen - INFO - ✅ [c63b90e3] Audio generated
2025-12-29 17:26:00 - VideoGen - INFO - 🎥 [c63b90e3] Composing video
2025-12-29 17:26:01 - VideoGen - INFO - 📐 Video: 1280x720, Duration: 24.6s
2025-12-29 17:26:01 - VideoGen - ERROR - Scene render failed: Option loop not found.
Error opening input file /Users/joao/core-casts/chatterbox/videogen/assets/characters/AutoLabs_flow/dancing.mp4.
Error opening input files: Option not found

2025-12-29 17:34:21 - VideoGen - INFO - 📦 REQUEST PAYLOAD: {'tema': 'como ser mais produtivo em 2026', 'idioma': <Language.PT: 'pt'>, 'formato': <VideoFormat.HORIZONTAL: 'horizontal'>, 'estilo': <ScriptStyle.AUTOLABS: 'autolabs'>, 'duracao': <VideoDuration.MEDIUM: 'medium'>, 'edicao': <EditStyle.TIKTOK: 'tiktok'>, 'voz': <VoicePreset.ASH: 'ash'>, 'voz_instrucao': 'brazilian_energetic', 'velocidade': 1.5}
2025-12-29 17:34:21 - VideoGen - INFO - 📝 [2b9e4f3d] Generating script: como ser mais produtivo em 2026
2025-12-29 17:34:21 - VideoGen - INFO -     Style: autolabs | Duration: medium | Edit: tiktok
2025-12-29 17:34:28 - VideoGen - INFO - ✅ [2b9e4f3d] Script: 8 scenes
2025-12-29 17:34:28 - VideoGen - INFO - 🎤 [2b9e4f3d] Generating audio (voice: ash)
2025-12-29 17:34:28 - VideoGen - INFO - 🎤 Generating TTS (37 chars) using ash...
2025-12-29 17:34:29 - VideoGen - INFO - ✅ Audio saved: /Users/joao/core-casts/chatterbox/videogen/temp/2b9e4f3d/scene_01.mp3
2025-12-29 17:34:29 - VideoGen - INFO - 🎤 Generating TTS (52 chars) using ash...
2025-12-29 17:34:31 - VideoGen - INFO - ✅ Audio saved: /Users/joao/core-casts/chatterbox/videogen/temp/2b9e4f3d/scene_02.mp3
2025-12-29 17:34:31 - VideoGen - INFO - 🎤 Generating TTS (68 chars) using ash...
2025-12-29 17:34:33 - VideoGen - INFO - ✅ Audio saved: /Users/joao/core-casts/chatterbox/videogen/temp/2b9e4f3d/scene_03.mp3
2025-12-29 17:34:33 - VideoGen - INFO - 🎤 Generating TTS (74 chars) using ash...
2025-12-29 17:34:34 - VideoGen - INFO - ✅ Audio saved: /Users/joao/core-casts/chatterbox/videogen/temp/2b9e4f3d/scene_04.mp3
2025-12-29 17:34:34 - VideoGen - INFO - 🎤 Generating TTS (76 chars) using ash...
2025-12-29 17:34:36 - VideoGen - INFO - ✅ Audio saved: /Users/joao/core-casts/chatterbox/videogen/temp/2b9e4f3d/scene_05.mp3
2025-12-29 17:34:36 - VideoGen - INFO - 🎤 Generating TTS (63 chars) using ash...
2025-12-29 17:34:38 - VideoGen - INFO - ✅ Audio saved: /Users/joao/core-casts/chatterbox/videogen/temp/2b9e4f3d/scene_06.mp3
2025-12-29 17:34:38 - VideoGen - INFO - 🎤 Generating TTS (73 chars) using ash...
2025-12-29 17:34:39 - VideoGen - INFO - ✅ Audio saved: /Users/joao/core-casts/chatterbox/videogen/temp/2b9e4f3d/scene_07.mp3
2025-12-29 17:34:39 - VideoGen - INFO - 🎤 Generating TTS (69 chars) using ash...
2025-12-29 17:34:41 - VideoGen - INFO - ✅ Audio saved: /Users/joao/core-casts/chatterbox/videogen/temp/2b9e4f3d/scene_08.mp3
2025-12-29 17:34:43 - VideoGen - INFO - ✅ [2b9e4f3d] Audio generated
2025-12-29 17:34:43 - VideoGen - INFO - 🎥 [2b9e4f3d] Composing video
2025-12-29 17:34:43 - VideoGen - INFO - 📐 Video: 1920x1080, Duration: 27.2s
2025-12-29 17:35:38 - VideoGen - INFO - 🎉 [2b9e4f3d] Video complete: video_2b9e4f3d_1767040483.mp4
2025-12-29 18:15:29 - VideoGen - INFO - 📦 REQUEST PAYLOAD: {'tema': 'como ganhar dinheiro na internet', 'idioma': <Language.PT: 'pt'>, 'formato': <VideoFormat.HORIZONTAL: 'horizontal'>, 'estilo': <ScriptStyle.AUTOLABS: 'autolabs'>, 'duracao': <VideoDuration.LONG: 'long'>, 'edicao': <EditStyle.TIKTOK: 'tiktok'>, 'voz': <VoicePreset.SAGE: 'sage'>, 'voz_instrucao': 'brazilian_energetic', 'velocidade': 1.5}
2025-12-29 18:15:29 - VideoGen - INFO - 📝 [88c0777d] Generating script: como ganhar dinheiro na internet
2025-12-29 18:15:29 - VideoGen - INFO -     Style: autolabs | Duration: long | Edit: tiktok
2025-12-29 18:15:38 - VideoGen - INFO - ✅ [88c0777d] Script: 12 scenes
2025-12-29 18:15:38 - VideoGen - INFO - 🎤 [88c0777d] Generating audio (voice: sage)
2025-12-29 18:15:38 - VideoGen - INFO - 🎤 Generating TTS (41 chars) using sage...
2025-12-29 18:15:42 - VideoGen - INFO - ✅ Audio saved: /Users/joao/core-casts/chatterbox/videogen/temp/88c0777d/scene_01.mp3
2025-12-29 18:15:42 - VideoGen - INFO - 🎤 Generating TTS (89 chars) using sage...
2025-12-29 18:15:44 - VideoGen - INFO - ✅ Audio saved: /Users/joao/core-casts/chatterbox/videogen/temp/88c0777d/scene_02.mp3
2025-12-29 18:15:44 - VideoGen - INFO - 🎤 Generating TTS (87 chars) using sage...
2025-12-29 18:15:46 - VideoGen - INFO - ✅ Audio saved: /Users/joao/core-casts/chatterbox/videogen/temp/88c0777d/scene_03.mp3
2025-12-29 18:15:46 - VideoGen - INFO - 🎤 Generating TTS (92 chars) using sage...
2025-12-29 18:15:48 - VideoGen - INFO - ✅ Audio saved: /Users/joao/core-casts/chatterbox/videogen/temp/88c0777d/scene_04.mp3
2025-12-29 18:15:48 - VideoGen - INFO - 🎤 Generating TTS (85 chars) using sage...
2025-12-29 18:15:50 - VideoGen - INFO - ✅ Audio saved: /Users/joao/core-casts/chatterbox/videogen/temp/88c0777d/scene_05.mp3
2025-12-29 18:15:50 - VideoGen - INFO - 🎤 Generating TTS (97 chars) using sage...
2025-12-29 18:15:52 - VideoGen - INFO - ✅ Audio saved: /Users/joao/core-casts/chatterbox/videogen/temp/88c0777d/scene_06.mp3
2025-12-29 18:15:52 - VideoGen - INFO - 🎤 Generating TTS (71 chars) using sage...
2025-12-29 18:15:54 - VideoGen - INFO - ✅ Audio saved: /Users/joao/core-casts/chatterbox/videogen/temp/88c0777d/scene_07.mp3
2025-12-29 18:15:54 - VideoGen - INFO - 🎤 Generating TTS (111 chars) using sage...
2025-12-29 18:15:56 - VideoGen - INFO - ✅ Audio saved: /Users/joao/core-casts/chatterbox/videogen/temp/88c0777d/scene_08.mp3
2025-12-29 18:15:56 - VideoGen - INFO - 🎤 Generating TTS (67 chars) using sage...
2025-12-29 18:15:58 - VideoGen - INFO - ✅ Audio saved: /Users/joao/core-casts/chatterbox/videogen/temp/88c0777d/scene_09.mp3
2025-12-29 18:15:58 - VideoGen - INFO - 🎤 Generating TTS (78 chars) using sage...
2025-12-29 18:15:59 - VideoGen - INFO - ✅ Audio saved: /Users/joao/core-casts/chatterbox/videogen/temp/88c0777d/scene_10.mp3
2025-12-29 18:15:59 - VideoGen - INFO - 🎤 Generating TTS (80 chars) using sage...
2025-12-29 18:16:02 - VideoGen - INFO - ✅ Audio saved: /Users/joao/core-casts/chatterbox/videogen/temp/88c0777d/scene_11.mp3
2025-12-29 18:16:02 - VideoGen - INFO - 🎤 Generating TTS (58 chars) using sage...
2025-12-29 18:16:03 - VideoGen - INFO - ✅ Audio saved: /Users/joao/core-casts/chatterbox/videogen/temp/88c0777d/scene_12.mp3
2025-12-29 18:16:09 - VideoGen - INFO - ✅ [88c0777d] Audio generated
2025-12-29 18:16:09 - VideoGen - INFO - 🎥 [88c0777d] Composing video
2025-12-29 18:16:10 - VideoGen - INFO - 📐 Video: 1920x1080, Duration: 49.5s
2025-12-29 18:17:31 - VideoGen - INFO - 🎉 [88c0777d] Video complete: video_88c0777d_1767042969.mp4
2025-12-29 18:25:50 - VideoGen - INFO - 📦 REQUEST PAYLOAD: {'tema': 'como estudar IA em 2026', 'idioma': <Language.PT: 'pt'>, 'formato': <VideoFormat.HORIZONTAL: 'horizontal'>, 'estilo': <ScriptStyle.AUTOLABS: 'autolabs'>, 'duracao': <VideoDuration.SHORT: 'short'>, 'edicao': <EditStyle.TIKTOK: 'tiktok'>, 'voz': <VoicePreset.MARIN: 'marin'>, 'voz_instrucao': 'brazilian_energetic', 'velocidade': 1.5}
2025-12-29 18:25:50 - VideoGen - INFO - 📝 [8361e20b] Generating script: como estudar IA em 2026
2025-12-29 18:25:50 - VideoGen - INFO -     Style: autolabs | Duration: short | Edit: tiktok
2025-12-29 18:25:55 - VideoGen - INFO - ✅ [8361e20b] Script: 5 scenes
2025-12-29 18:25:55 - VideoGen - INFO - 🎤 [8361e20b] Generating audio (voice: marin)
2025-12-29 18:25:55 - VideoGen - INFO - 🎤 Generating TTS (70 chars) using marin...
2025-12-29 18:25:57 - VideoGen - INFO - ✅ Audio saved: /Users/joao/core-casts/chatterbox/videogen/temp/8361e20b/scene_01.mp3
2025-12-29 18:25:57 - VideoGen - INFO - 🎤 Generating TTS (78 chars) using marin...
2025-12-29 18:26:00 - VideoGen - INFO - ✅ Audio saved: /Users/joao/core-casts/chatterbox/videogen/temp/8361e20b/scene_02.mp3
2025-12-29 18:26:00 - VideoGen - INFO - 🎤 Generating TTS (109 chars) using marin...
2025-12-29 18:26:02 - VideoGen - INFO - ✅ Audio saved: /Users/joao/core-casts/chatterbox/videogen/temp/8361e20b/scene_03.mp3
2025-12-29 18:26:02 - VideoGen - INFO - 🎤 Generating TTS (99 chars) using marin...
2025-12-29 18:26:04 - VideoGen - INFO - ✅ Audio saved: /Users/joao/core-casts/chatterbox/videogen/temp/8361e20b/scene_04.mp3
2025-12-29 18:26:04 - VideoGen - INFO - 🎤 Generating TTS (94 chars) using marin...
2025-12-29 18:26:06 - VideoGen - INFO - ✅ Audio saved: /Users/joao/core-casts/chatterbox/videogen/temp/8361e20b/scene_05.mp3
2025-12-29 18:26:06 - VideoGen - INFO - ✅ [8361e20b] Audio generated
2025-12-29 18:26:06 - VideoGen - INFO - 🎥 [8361e20b] Composing video
2025-12-29 18:26:07 - VideoGen - INFO - 📐 Video: 1920x1080, Duration: 19.8s
2025-12-29 18:26:33 - VideoGen - INFO - 🎉 [8361e20b] Video complete: video_8361e20b_1767043566.mp4
2025-12-29 18:30:03 - VideoGen - INFO - 📦 REQUEST PAYLOAD: {'tema': 'como criar vídeos com IA', 'idioma': <Language.PT: 'pt'>, 'formato': <VideoFormat.HORIZONTAL: 'horizontal'>, 'estilo': <ScriptStyle.AUTOLABS: 'autolabs'>, 'duracao': <VideoDuration.SHORT: 'short'>, 'edicao': <EditStyle.TIKTOK: 'tiktok'>, 'voz': <VoicePreset.ONYX: 'onyx'>, 'voz_instrucao': 'brazilian_energetic', 'velocidade': 1.5}
2025-12-29 18:30:03 - VideoGen - INFO - 📝 [3f6b3a3e] Generating script: como criar vídeos com IA
2025-12-29 18:30:03 - VideoGen - INFO -     Style: autolabs | Duration: short | Edit: tiktok
2025-12-29 18:30:07 - VideoGen - INFO - ✅ [3f6b3a3e] Script: 5 scenes
2025-12-29 18:30:07 - VideoGen - INFO - 🎤 [3f6b3a3e] Generating audio (voice: onyx)
2025-12-29 18:30:07 - VideoGen - INFO - 🎤 Generating TTS (84 chars) using onyx...
2025-12-29 18:30:09 - VideoGen - INFO - ✅ Audio saved: /Users/joao/core-casts/chatterbox/videogen/temp/3f6b3a3e/scene_01.mp3
2025-12-29 18:30:09 - VideoGen - INFO - 🎤 Generating TTS (118 chars) using onyx...
2025-12-29 18:30:11 - VideoGen - INFO - ✅ Audio saved: /Users/joao/core-casts/chatterbox/videogen/temp/3f6b3a3e/scene_02.mp3
2025-12-29 18:30:11 - VideoGen - INFO - 🎤 Generating TTS (120 chars) using onyx...
2025-12-29 18:30:13 - VideoGen - INFO - ✅ Audio saved: /Users/joao/core-casts/chatterbox/videogen/temp/3f6b3a3e/scene_03.mp3
2025-12-29 18:30:13 - VideoGen - INFO - 🎤 Generating TTS (138 chars) using onyx...
2025-12-29 18:30:16 - VideoGen - INFO - ✅ Audio saved: /Users/joao/core-casts/chatterbox/videogen/temp/3f6b3a3e/scene_04.mp3
2025-12-29 18:30:16 - VideoGen - INFO - 🎤 Generating TTS (90 chars) using onyx...
2025-12-29 18:30:18 - VideoGen - INFO - ✅ Audio saved: /Users/joao/core-casts/chatterbox/videogen/temp/3f6b3a3e/scene_05.mp3
2025-12-29 18:30:18 - VideoGen - INFO - ✅ [3f6b3a3e] Audio generated
2025-12-29 18:30:18 - VideoGen - INFO - 🎥 [3f6b3a3e] Composing video
2025-12-29 18:30:19 - VideoGen - INFO - 📐 Video: 1920x1080, Duration: 25.2s
2025-12-29 18:30:55 - VideoGen - INFO - 🎉 [3f6b3a3e] Video complete: video_3f6b3a3e_1767043818.mp4
2025-12-29 18:35:00 - VideoGen - INFO - 📦 REQUEST PAYLOAD: {'tema': 'Retinoscopia para iniciantes', 'idioma': <Language.PT: 'pt'>, 'formato': <VideoFormat.HORIZONTAL: 'horizontal'>, 'estilo': <ScriptStyle.AUTOLABS: 'autolabs'>, 'duracao': <VideoDuration.LONG: 'long'>, 'edicao': <EditStyle.TIKTOK: 'tiktok'>, 'voz': <VoicePreset.ECHO: 'echo'>, 'voz_instrucao': 'brazilian_energetic', 'velocidade': 1.5}
2025-12-29 18:35:00 - VideoGen - INFO - 📝 [7e539205] Generating script: Retinoscopia para iniciantes
2025-12-29 18:35:00 - VideoGen - INFO -     Style: autolabs | Duration: long | Edit: tiktok
2025-12-29 18:35:09 - VideoGen - INFO - ✅ [7e539205] Script: 12 scenes
2025-12-29 18:35:09 - VideoGen - INFO - 🎤 [7e539205] Generating audio (voice: echo)
2025-12-29 18:35:09 - VideoGen - INFO - 🎤 Generating TTS (81 chars) using echo...
2025-12-29 18:35:11 - VideoGen - INFO - ✅ Audio saved: /Users/joao/core-casts/chatterbox/videogen/temp/7e539205/scene_01.mp3
2025-12-29 18:35:11 - VideoGen - INFO - 🎤 Generating TTS (71 chars) using echo...
2025-12-29 18:35:12 - VideoGen - INFO - ✅ Audio saved: /Users/joao/core-casts/chatterbox/videogen/temp/7e539205/scene_02.mp3
2025-12-29 18:35:12 - VideoGen - INFO - 🎤 Generating TTS (84 chars) using echo...
2025-12-29 18:35:13 - VideoGen - INFO - ✅ Audio saved: /Users/joao/core-casts/chatterbox/videogen/temp/7e539205/scene_03.mp3
2025-12-29 18:35:13 - VideoGen - INFO - 🎤 Generating TTS (87 chars) using echo...
2025-12-29 18:35:15 - VideoGen - INFO - ✅ Audio saved: /Users/joao/core-casts/chatterbox/videogen/temp/7e539205/scene_04.mp3
2025-12-29 18:35:15 - VideoGen - INFO - 🎤 Generating TTS (81 chars) using echo...
2025-12-29 18:35:17 - VideoGen - INFO - ✅ Audio saved: /Users/joao/core-casts/chatterbox/videogen/temp/7e539205/scene_05.mp3
2025-12-29 18:35:17 - VideoGen - INFO - 🎤 Generating TTS (83 chars) using echo...
2025-12-29 18:35:18 - VideoGen - INFO - ✅ Audio saved: /Users/joao/core-casts/chatterbox/videogen/temp/7e539205/scene_06.mp3
2025-12-29 18:35:18 - VideoGen - INFO - 🎤 Generating TTS (79 chars) using echo...
2025-12-29 18:35:20 - VideoGen - INFO - ✅ Audio saved: /Users/joao/core-casts/chatterbox/videogen/temp/7e539205/scene_07.mp3
2025-12-29 18:35:20 - VideoGen - INFO - 🎤 Generating TTS (70 chars) using echo...
2025-12-29 18:35:22 - VideoGen - INFO - ✅ Audio saved: /Users/joao/core-casts/chatterbox/videogen/temp/7e539205/scene_08.mp3
2025-12-29 18:35:22 - VideoGen - INFO - 🎤 Generating TTS (63 chars) using echo...
2025-12-29 18:35:23 - VideoGen - INFO - ✅ Audio saved: /Users/joao/core-casts/chatterbox/videogen/temp/7e539205/scene_09.mp3
2025-12-29 18:35:23 - VideoGen - INFO - 🎤 Generating TTS (67 chars) using echo...
2025-12-29 18:35:25 - VideoGen - INFO - ✅ Audio saved: /Users/joao/core-casts/chatterbox/videogen/temp/7e539205/scene_10.mp3
2025-12-29 18:35:25 - VideoGen - INFO - 🎤 Generating TTS (63 chars) using echo...
2025-12-29 18:35:26 - VideoGen - INFO - ✅ Audio saved: /Users/joao/core-casts/chatterbox/videogen/temp/7e539205/scene_11.mp3
2025-12-29 18:35:26 - VideoGen - INFO - 🎤 Generating TTS (68 chars) using echo...
2025-12-29 18:35:28 - VideoGen - INFO - ✅ Audio saved: /Users/joao/core-casts/chatterbox/videogen/temp/7e539205/scene_12.mp3
2025-12-29 18:35:29 - VideoGen - INFO - ✅ [7e539205] Audio generated
2025-12-29 18:35:29 - VideoGen - INFO - 🎥 [7e539205] Composing video
2025-12-29 18:35:29 - VideoGen - INFO - 📐 Video: 1920x1080, Duration: 40.5s
2025-12-29 18:36:30 - VideoGen - INFO - 🎉 [7e539205] Video complete: video_7e539205_1767044129.mp4
2025-12-29 18:39:09 - VideoGen - INFO - 📦 REQUEST PAYLOAD: {'tema': 'Como fazer crochet sendo burro', 'idioma': <Language.PT: 'pt'>, 'formato': <VideoFormat.HORIZONTAL: 'horizontal'>, 'estilo': <ScriptStyle.AUTOLABS: 'autolabs'>, 'duracao': <VideoDuration.MEDIUM: 'medium'>, 'edicao': <EditStyle.TIKTOK: 'tiktok'>, 'voz': <VoicePreset.CORAL: 'coral'>, 'voz_instrucao': 'brazilian_energetic', 'velocidade': 1.5}
2025-12-29 18:39:09 - VideoGen - INFO - 📝 [ad08502b] Generating script: Como fazer crochet sendo burro
2025-12-29 18:39:09 - VideoGen - INFO -     Style: autolabs | Duration: medium | Edit: tiktok
2025-12-29 18:39:16 - VideoGen - INFO - ✅ [ad08502b] Script: 8 scenes
2025-12-29 18:39:16 - VideoGen - INFO - 🎤 [ad08502b] Generating audio (voice: coral)
2025-12-29 18:39:16 - VideoGen - INFO - 🎤 Generating TTS (65 chars) using coral...
2025-12-29 18:39:18 - VideoGen - INFO - ✅ Audio saved: /Users/joao/core-casts/chatterbox/videogen/temp/ad08502b/scene_01.mp3
2025-12-29 18:39:18 - VideoGen - INFO - 🎤 Generating TTS (59 chars) using coral...
2025-12-29 18:39:19 - VideoGen - INFO - ✅ Audio saved: /Users/joao/core-casts/chatterbox/videogen/temp/ad08502b/scene_02.mp3
2025-12-29 18:39:19 - VideoGen - INFO - 🎤 Generating TTS (66 chars) using coral...
2025-12-29 18:39:20 - VideoGen - INFO - ✅ Audio saved: /Users/joao/core-casts/chatterbox/videogen/temp/ad08502b/scene_03.mp3
2025-12-29 18:39:20 - VideoGen - INFO - 🎤 Generating TTS (63 chars) using coral...
2025-12-29 18:39:22 - VideoGen - INFO - ✅ Audio saved: /Users/joao/core-casts/chatterbox/videogen/temp/ad08502b/scene_04.mp3
2025-12-29 18:39:22 - VideoGen - INFO - 🎤 Generating TTS (72 chars) using coral...
2025-12-29 18:39:23 - VideoGen - INFO - ✅ Audio saved: /Users/joao/core-casts/chatterbox/videogen/temp/ad08502b/scene_05.mp3
2025-12-29 18:39:23 - VideoGen - INFO - 🎤 Generating TTS (64 chars) using coral...
2025-12-29 18:39:25 - VideoGen - INFO - ✅ Audio saved: /Users/joao/core-casts/chatterbox/videogen/temp/ad08502b/scene_06.mp3
2025-12-29 18:39:25 - VideoGen - INFO - 🎤 Generating TTS (71 chars) using coral...
2025-12-29 18:39:27 - VideoGen - INFO - ✅ Audio saved: /Users/joao/core-casts/chatterbox/videogen/temp/ad08502b/scene_07.mp3
2025-12-29 18:39:27 - VideoGen - INFO - 🎤 Generating TTS (71 chars) using coral...
2025-12-29 18:39:28 - VideoGen - INFO - ✅ Audio saved: /Users/joao/core-casts/chatterbox/videogen/temp/ad08502b/scene_08.mp3
2025-12-29 18:39:30 - VideoGen - INFO - ✅ [ad08502b] Audio generated
2025-12-29 18:39:30 - VideoGen - INFO - 🎥 [ad08502b] Composing video
2025-12-29 18:39:30 - VideoGen - INFO - 📐 Video: 1920x1080, Duration: 25.8s
2025-12-29 18:40:04 - VideoGen - INFO - 🎉 [ad08502b] Video complete: video_ad08502b_1767044370.mp4
2025-12-29 18:57:20 - VideoGen - INFO - 📦 REQUEST PAYLOAD: {'tema': 'Como não ser burro em 2026', 'idioma': <Language.PT: 'pt'>, 'formato': <VideoFormat.HORIZONTAL: 'horizontal'>, 'estilo': <ScriptStyle.AUTOLABS: 'autolabs'>, 'duracao': <VideoDuration.EXTRA_LONG: 'extra_long'>, 'edicao': <EditStyle.TIKTOK: 'tiktok'>, 'voz': <VoicePreset.VERSE: 'verse'>, 'voz_instrucao': 'brazilian_energetic', 'velocidade': 1.5}
2025-12-29 18:57:20 - VideoGen - INFO - 📝 [a154eadb] Generating script: Como não ser burro em 2026
2025-12-29 18:57:20 - VideoGen - INFO -     Style: autolabs | Duration: extra_long | Edit: tiktok
2025-12-29 18:57:38 - VideoGen - INFO - ✅ [a154eadb] Script: 28 scenes
2025-12-29 18:57:38 - VideoGen - INFO - 🎤 [a154eadb] Generating audio (voice: verse)
2025-12-29 18:57:38 - VideoGen - INFO - 🎤 Generating TTS (66 chars) using verse...
2025-12-29 18:57:40 - VideoGen - INFO - ✅ Audio saved: /Users/joao/core-casts/chatterbox/videogen/temp/a154eadb/scene_01.mp3
2025-12-29 18:57:40 - VideoGen - INFO - 🎤 Generating TTS (73 chars) using verse...
2025-12-29 18:57:42 - VideoGen - INFO - ✅ Audio saved: /Users/joao/core-casts/chatterbox/videogen/temp/a154eadb/scene_02.mp3
2025-12-29 18:57:42 - VideoGen - INFO - 🎤 Generating TTS (83 chars) using verse...
2025-12-29 18:57:44 - VideoGen - INFO - ✅ Audio saved: /Users/joao/core-casts/chatterbox/videogen/temp/a154eadb/scene_03.mp3
2025-12-29 18:57:44 - VideoGen - INFO - 🎤 Generating TTS (68 chars) using verse...
2025-12-29 18:57:45 - VideoGen - INFO - ✅ Audio saved: /Users/joao/core-casts/chatterbox/videogen/temp/a154eadb/scene_04.mp3
2025-12-29 18:57:45 - VideoGen - INFO - 🎤 Generating TTS (82 chars) using verse...
2025-12-29 18:57:47 - VideoGen - INFO - ✅ Audio saved: /Users/joao/core-casts/chatterbox/videogen/temp/a154eadb/scene_05.mp3
2025-12-29 18:57:47 - VideoGen - INFO - 🎤 Generating TTS (62 chars) using verse...
2025-12-29 18:57:48 - VideoGen - INFO - ✅ Audio saved: /Users/joao/core-casts/chatterbox/videogen/temp/a154eadb/scene_06.mp3
2025-12-29 18:57:48 - VideoGen - INFO - 🎤 Generating TTS (71 chars) using verse...
2025-12-29 18:57:56 - VideoGen - INFO - ✅ Audio saved: /Users/joao/core-casts/chatterbox/videogen/temp/a154eadb/scene_07.mp3
2025-12-29 18:57:56 - VideoGen - INFO - 🎤 Generating TTS (73 chars) using verse...
2025-12-29 18:57:59 - VideoGen - INFO - ✅ Audio saved: /Users/joao/core-casts/chatterbox/videogen/temp/a154eadb/scene_08.mp3
2025-12-29 18:57:59 - VideoGen - INFO - 🎤 Generating TTS (67 chars) using verse...
2025-12-29 18:58:01 - VideoGen - INFO - ✅ Audio saved: /Users/joao/core-casts/chatterbox/videogen/temp/a154eadb/scene_09.mp3
2025-12-29 18:58:01 - VideoGen - INFO - 🎤 Generating TTS (57 chars) using verse...
2025-12-29 18:58:03 - VideoGen - INFO - ✅ Audio saved: /Users/joao/core-casts/chatterbox/videogen/temp/a154eadb/scene_10.mp3
2025-12-29 18:58:03 - VideoGen - INFO - 🎤 Generating TTS (60 chars) using verse...
2025-12-29 18:58:05 - VideoGen - INFO - ✅ Audio saved: /Users/joao/core-casts/chatterbox/videogen/temp/a154eadb/scene_11.mp3
2025-12-29 18:58:05 - VideoGen - INFO - 🎤 Generating TTS (82 chars) using verse...
2025-12-29 18:58:07 - VideoGen - INFO - ✅ Audio saved: /Users/joao/core-casts/chatterbox/videogen/temp/a154eadb/scene_12.mp3
2025-12-29 18:58:07 - VideoGen - INFO - 🎤 Generating TTS (69 chars) using verse...
2025-12-29 18:58:09 - VideoGen - INFO - ✅ Audio saved: /Users/joao/core-casts/chatterbox/videogen/temp/a154eadb/scene_13.mp3
2025-12-29 18:58:09 - VideoGen - INFO - 🎤 Generating TTS (69 chars) using verse...
2025-12-29 18:58:10 - VideoGen - INFO - ✅ Audio saved: /Users/joao/core-casts/chatterbox/videogen/temp/a154eadb/scene_14.mp3
2025-12-29 18:58:10 - VideoGen - INFO - 🎤 Generating TTS (75 chars) using verse...
2025-12-29 18:58:12 - VideoGen - INFO - ✅ Audio saved: /Users/joao/core-casts/chatterbox/videogen/temp/a154eadb/scene_15.mp3
2025-12-29 18:58:12 - VideoGen - INFO - 🎤 Generating TTS (76 chars) using verse...
2025-12-29 18:58:14 - VideoGen - INFO - ✅ Audio saved: /Users/joao/core-casts/chatterbox/videogen/temp/a154eadb/scene_16.mp3
2025-12-29 18:58:14 - VideoGen - INFO - 🎤 Generating TTS (55 chars) using verse...
2025-12-29 18:58:15 - VideoGen - INFO - ✅ Audio saved: /Users/joao/core-casts/chatterbox/videogen/temp/a154eadb/scene_17.mp3
2025-12-29 18:58:15 - VideoGen - INFO - 🎤 Generating TTS (66 chars) using verse...
2025-12-29 18:58:17 - VideoGen - INFO - ✅ Audio saved: /Users/joao/core-casts/chatterbox/videogen/temp/a154eadb/scene_18.mp3
2025-12-29 18:58:17 - VideoGen - INFO - 🎤 Generating TTS (79 chars) using verse...
2025-12-29 18:58:19 - VideoGen - INFO - ✅ Audio saved: /Users/joao/core-casts/chatterbox/videogen/temp/a154eadb/scene_19.mp3
2025-12-29 18:58:19 - VideoGen - INFO - 🎤 Generating TTS (37 chars) using verse...
2025-12-29 18:58:21 - VideoGen - INFO - ✅ Audio saved: /Users/joao/core-casts/chatterbox/videogen/temp/a154eadb/scene_20.mp3
2025-12-29 18:58:21 - VideoGen - INFO - 🎤 Generating TTS (60 chars) using verse...
2025-12-29 18:58:22 - VideoGen - INFO - ✅ Audio saved: /Users/joao/core-casts/chatterbox/videogen/temp/a154eadb/scene_21.mp3
2025-12-29 18:58:22 - VideoGen - INFO - 🎤 Generating TTS (41 chars) using verse...
2025-12-29 18:58:24 - VideoGen - INFO - ✅ Audio saved: /Users/joao/core-casts/chatterbox/videogen/temp/a154eadb/scene_22.mp3
2025-12-29 18:58:24 - VideoGen - INFO - 🎤 Generating TTS (49 chars) using verse...
2025-12-29 18:58:25 - VideoGen - INFO - ✅ Audio saved: /Users/joao/core-casts/chatterbox/videogen/temp/a154eadb/scene_23.mp3
2025-12-29 18:58:25 - VideoGen - INFO - 🎤 Generating TTS (58 chars) using verse...
2025-12-29 18:58:26 - VideoGen - INFO - ✅ Audio saved: /Users/joao/core-casts/chatterbox/videogen/temp/a154eadb/scene_24.mp3
2025-12-29 18:58:26 - VideoGen - INFO - 🎤 Generating TTS (57 chars) using verse...
2025-12-29 18:58:28 - VideoGen - INFO - ✅ Audio saved: /Users/joao/core-casts/chatterbox/videogen/temp/a154eadb/scene_25.mp3
2025-12-29 18:58:28 - VideoGen - INFO - 🎤 Generating TTS (39 chars) using verse...
2025-12-29 18:58:29 - VideoGen - INFO - ✅ Audio saved: /Users/joao/core-casts/chatterbox/videogen/temp/a154eadb/scene_26.mp3
2025-12-29 18:58:29 - VideoGen - INFO - 🎤 Generating TTS (38 chars) using verse...
2025-12-29 18:58:30 - VideoGen - INFO - ✅ Audio saved: /Users/joao/core-casts/chatterbox/videogen/temp/a154eadb/scene_27.mp3
2025-12-29 18:58:30 - VideoGen - INFO - 🎤 Generating TTS (57 chars) using verse...
2025-12-29 18:58:32 - VideoGen - INFO - ✅ Audio saved: /Users/joao/core-casts/chatterbox/videogen/temp/a154eadb/scene_28.mp3
2025-12-29 18:58:35 - VideoGen - INFO - ✅ [a154eadb] Audio generated
2025-12-29 18:58:35 - VideoGen - INFO - 🎥 [a154eadb] Composing video
2025-12-29 18:58:35 - VideoGen - INFO - 📐 Video: 1920x1080, Duration: 94.6s
2025-12-29 18:58:35 - VideoGen - INFO - 🚀 Rendering scenes in parallel (max 4 threads)...
2025-12-29 19:00:13 - VideoGen - INFO - 🎉 [a154eadb] Video complete: video_a154eadb_1767045515.mp4
2025-12-29 21:28:35 - VideoGen - INFO - 📦 REQUEST PAYLOAD: {'tema': 'O Que é Machine Learning?', 'idioma': <Language.PT: 'pt'>, 'formato': <VideoFormat.HORIZONTAL: 'horizontal'>, 'estilo': <ScriptStyle.AUTOLABS: 'autolabs'>, 'duracao': <VideoDuration.MEDIUM: 'medium'>, 'edicao': <EditStyle.TIKTOK: 'tiktok'>, 'voz': <VoicePreset.ALLOY: 'alloy'>, 'voz_instrucao': 'brazilian_energetic', 'velocidade': 1.1}
2025-12-29 21:28:35 - VideoGen - INFO - 📝 [9a4d0130] Generating script: O Que é Machine Learning?
2025-12-29 21:28:35 - VideoGen - INFO -     Style: autolabs | Duration: medium | Edit: tiktok
2025-12-29 21:28:43 - VideoGen - INFO - ✅ [9a4d0130] Script: 8 scenes
2025-12-29 21:28:43 - VideoGen - INFO - 🎤 [9a4d0130] Generating audio (voice: alloy)
2025-12-29 21:28:43 - VideoGen - INFO - 🎤 Generating TTS (63 chars) using alloy...
2025-12-29 21:28:46 - VideoGen - INFO - ✅ Audio saved: /Users/joao/core-casts/chatterbox/videogen/temp/9a4d0130/scene_01.mp3
2025-12-29 21:28:46 - VideoGen - INFO - 🎤 Generating TTS (121 chars) using alloy...
2025-12-29 21:28:48 - VideoGen - INFO - ✅ Audio saved: /Users/joao/core-casts/chatterbox/videogen/temp/9a4d0130/scene_02.mp3
2025-12-29 21:28:48 - VideoGen - INFO - 🎤 Generating TTS (117 chars) using alloy...
2025-12-29 21:28:50 - VideoGen - INFO - ✅ Audio saved: /Users/joao/core-casts/chatterbox/videogen/temp/9a4d0130/scene_03.mp3
2025-12-29 21:28:50 - VideoGen - INFO - 🎤 Generating TTS (110 chars) using alloy...
2025-12-29 21:28:53 - VideoGen - INFO - ✅ Audio saved: /Users/joao/core-casts/chatterbox/videogen/temp/9a4d0130/scene_04.mp3
2025-12-29 21:28:53 - VideoGen - INFO - 🎤 Generating TTS (129 chars) using alloy...
2025-12-29 21:28:56 - VideoGen - INFO - ✅ Audio saved: /Users/joao/core-casts/chatterbox/videogen/temp/9a4d0130/scene_05.mp3
2025-12-29 21:28:56 - VideoGen - INFO - 🎤 Generating TTS (136 chars) using alloy...
2025-12-29 21:29:00 - VideoGen - INFO - ✅ Audio saved: /Users/joao/core-casts/chatterbox/videogen/temp/9a4d0130/scene_06.mp3
2025-12-29 21:29:00 - VideoGen - INFO - 🎤 Generating TTS (119 chars) using alloy...
2025-12-29 21:29:02 - VideoGen - INFO - ✅ Audio saved: /Users/joao/core-casts/chatterbox/videogen/temp/9a4d0130/scene_07.mp3
2025-12-29 21:29:02 - VideoGen - INFO - 🎤 Generating TTS (122 chars) using alloy...
2025-12-29 21:29:04 - VideoGen - INFO - ✅ Audio saved: /Users/joao/core-casts/chatterbox/videogen/temp/9a4d0130/scene_08.mp3
2025-12-29 21:29:16 - VideoGen - INFO - ✅ [9a4d0130] Audio generated
2025-12-29 21:29:16 - VideoGen - INFO - 🎥 [9a4d0130] Composing video
2025-12-29 21:29:17 - VideoGen - INFO - 📐 Video: 1920x1080, Duration: 59.0s
2025-12-29 21:29:17 - VideoGen - INFO - 🚀 Rendering scenes in parallel (max 4 threads)...
2025-12-29 21:30:14 - VideoGen - INFO - 🎉 [9a4d0130] Video complete: video_9a4d0130_1767054556.mp4
2025-12-29 21:31:42 - VideoGen - INFO - 🎤 Generating TTS (61 chars) using alloy...
2025-12-29 21:31:44 - VideoGen - INFO - ✅ Audio saved: /Users/joao/core-casts/chatterbox/videogen/assets/voices/alloy.mp3
2025-12-29 21:31:44 - VideoGen - INFO - 🎤 Generating TTS (59 chars) using ash...
2025-12-29 21:31:46 - VideoGen - INFO - ✅ Audio saved: /Users/joao/core-casts/chatterbox/videogen/assets/voices/ash.mp3
2025-12-29 21:31:46 - VideoGen - INFO - 🎤 Generating TTS (62 chars) using ballad...
2025-12-29 21:31:49 - VideoGen - INFO - ✅ Audio saved: /Users/joao/core-casts/chatterbox/videogen/assets/voices/ballad.mp3
2025-12-29 21:31:49 - VideoGen - INFO - 🎤 Generating TTS (61 chars) using coral...
2025-12-29 21:31:51 - VideoGen - INFO - ✅ Audio saved: /Users/joao/core-casts/chatterbox/videogen/assets/voices/coral.mp3
2025-12-29 21:31:51 - VideoGen - INFO - 🎤 Generating TTS (60 chars) using echo...
2025-12-29 21:31:53 - VideoGen - INFO - ✅ Audio saved: /Users/joao/core-casts/chatterbox/videogen/assets/voices/echo.mp3
2025-12-29 21:31:53 - VideoGen - INFO - 🎤 Generating TTS (61 chars) using fable...
2025-12-29 21:31:54 - VideoGen - INFO - ✅ Audio saved: /Users/joao/core-casts/chatterbox/videogen/assets/voices/fable.mp3
2025-12-29 21:31:54 - VideoGen - INFO - 🎤 Generating TTS (60 chars) using onyx...
2025-12-29 21:31:56 - VideoGen - INFO - ✅ Audio saved: /Users/joao/core-casts/chatterbox/videogen/assets/voices/onyx.mp3
2025-12-29 21:31:56 - VideoGen - INFO - 🎤 Generating TTS (60 chars) using nova...
2025-12-29 21:31:57 - VideoGen - INFO - ✅ Audio saved: /Users/joao/core-casts/chatterbox/videogen/assets/voices/nova.mp3
2025-12-29 21:31:57 - VideoGen - INFO - 🎤 Generating TTS (60 chars) using sage...
2025-12-29 21:31:59 - VideoGen - INFO - ✅ Audio saved: /Users/joao/core-casts/chatterbox/videogen/assets/voices/sage.mp3
2025-12-29 21:31:59 - VideoGen - INFO - 🎤 Generating TTS (63 chars) using shimmer...
2025-12-29 21:32:02 - VideoGen - INFO - ✅ Audio saved: /Users/joao/core-casts/chatterbox/videogen/assets/voices/shimmer.mp3
2025-12-29 21:32:02 - VideoGen - INFO - 🎤 Generating TTS (61 chars) using verse...
2025-12-29 21:32:04 - VideoGen - INFO - ✅ Audio saved: /Users/joao/core-casts/chatterbox/videogen/assets/voices/verse.mp3
2025-12-29 21:32:04 - VideoGen - INFO - 🎤 Generating TTS (61 chars) using marin...
2025-12-29 21:32:06 - VideoGen - INFO - ✅ Audio saved: /Users/joao/core-casts/chatterbox/videogen/assets/voices/marin.mp3
2025-12-29 21:32:06 - VideoGen - INFO - 🎤 Generating TTS (61 chars) using cedar...
2025-12-29 21:32:08 - VideoGen - INFO - ✅ Audio saved: /Users/joao/core-casts/chatterbox/videogen/assets/voices/cedar.mp3
2025-12-29 23:31:40 - VideoGen - INFO - 📦 REQUEST PAYLOAD: {'tema': 'Fala sobre o que é o n8n e como usar', 'idioma': <Language.PT: 'pt'>, 'formato': <VideoFormat.HORIZONTAL: 'horizontal'>, 'estilo': <ScriptStyle.AUTOLABS: 'autolabs'>, 'duracao': <VideoDuration.EXTRA_LONG: 'extra_long'>, 'edicao': <EditStyle.TIKTOK: 'tiktok'>, 'voz': <VoicePreset.CEDAR: 'cedar'>, 'voz_instrucao': 'brazilian_energetic', 'velocidade': 1.1}
2025-12-29 23:31:40 - VideoGen - INFO - 📝 [62ce2b02] Generating script: Fala sobre o que é o n8n e como usar
2025-12-29 23:31:40 - VideoGen - INFO -     Style: autolabs | Duration: extra_long | Edit: tiktok
2025-12-29 23:31:51 - VideoGen - INFO - ✅ [62ce2b02] Script: 13 scenes
2025-12-29 23:31:51 - VideoGen - INFO - 🎤 [62ce2b02] Generating audio (voice: cedar)
2025-12-29 23:31:51 - VideoGen - INFO - 🎤 Generating TTS (94 chars) using cedar...
2025-12-29 23:31:54 - VideoGen - INFO - ✅ Audio saved: /Users/joao/core-casts/chatterbox/videogen/temp/62ce2b02/scene_01.mp3
2025-12-29 23:31:54 - VideoGen - INFO - 🎤 Generating TTS (113 chars) using cedar...
2025-12-29 23:31:57 - VideoGen - INFO - ✅ Audio saved: /Users/joao/core-casts/chatterbox/videogen/temp/62ce2b02/scene_02.mp3
2025-12-29 23:31:57 - VideoGen - INFO - 🎤 Generating TTS (133 chars) using cedar...
2025-12-29 23:31:59 - VideoGen - INFO - ✅ Audio saved: /Users/joao/core-casts/chatterbox/videogen/temp/62ce2b02/scene_03.mp3
2025-12-29 23:31:59 - VideoGen - INFO - 🎤 Generating TTS (85 chars) using cedar...
2025-12-29 23:32:01 - VideoGen - INFO - ✅ Audio saved: /Users/joao/core-casts/chatterbox/videogen/temp/62ce2b02/scene_04.mp3
2025-12-29 23:32:01 - VideoGen - INFO - 🎤 Generating TTS (170 chars) using cedar...
2025-12-29 23:32:04 - VideoGen - INFO - ✅ Audio saved: /Users/joao/core-casts/chatterbox/videogen/temp/62ce2b02/scene_05.mp3
2025-12-29 23:32:04 - VideoGen - INFO - 🎤 Generating TTS (155 chars) using cedar...
2025-12-29 23:32:07 - VideoGen - INFO - ✅ Audio saved: /Users/joao/core-casts/chatterbox/videogen/temp/62ce2b02/scene_06.mp3
2025-12-29 23:32:07 - VideoGen - INFO - 🎤 Generating TTS (109 chars) using cedar...
2025-12-29 23:32:10 - VideoGen - INFO - ✅ Audio saved: /Users/joao/core-casts/chatterbox/videogen/temp/62ce2b02/scene_07.mp3
2025-12-29 23:32:10 - VideoGen - INFO - 🎤 Generating TTS (154 chars) using cedar...
2025-12-29 23:32:12 - VideoGen - INFO - ✅ Audio saved: /Users/joao/core-casts/chatterbox/videogen/temp/62ce2b02/scene_08.mp3
2025-12-29 23:32:12 - VideoGen - INFO - 🎤 Generating TTS (128 chars) using cedar...
2025-12-29 23:32:14 - VideoGen - INFO - ✅ Audio saved: /Users/joao/core-casts/chatterbox/videogen/temp/62ce2b02/scene_09.mp3
2025-12-29 23:32:14 - VideoGen - INFO - 🎤 Generating TTS (134 chars) using cedar...
2025-12-29 23:32:16 - VideoGen - INFO - ✅ Audio saved: /Users/joao/core-casts/chatterbox/videogen/temp/62ce2b02/scene_10.mp3
2025-12-29 23:32:16 - VideoGen - INFO - 🎤 Generating TTS (123 chars) using cedar...
2025-12-29 23:32:18 - VideoGen - INFO - ✅ Audio saved: /Users/joao/core-casts/chatterbox/videogen/temp/62ce2b02/scene_11.mp3
2025-12-29 23:32:18 - VideoGen - INFO - 🎤 Generating TTS (120 chars) using cedar...
2025-12-29 23:32:20 - VideoGen - INFO - ✅ Audio saved: /Users/joao/core-casts/chatterbox/videogen/temp/62ce2b02/scene_12.mp3
2025-12-29 23:32:20 - VideoGen - INFO - 🎤 Generating TTS (102 chars) using cedar...
2025-12-29 23:32:22 - VideoGen - INFO - ✅ Audio saved: /Users/joao/core-casts/chatterbox/videogen/temp/62ce2b02/scene_13.mp3
2025-12-29 23:32:27 - VideoGen - INFO - ✅ [62ce2b02] Audio generated
2025-12-29 23:32:27 - VideoGen - INFO - 🎥 [62ce2b02] Composing video
2025-12-29 23:32:28 - VideoGen - INFO - 📐 Video: 1920x1080, Duration: 95.6s
2025-12-29 23:32:28 - VideoGen - INFO - 🚀 Rendering scenes in parallel (max 4 threads)...
2025-12-29 23:33:57 - VideoGen - INFO - 🎉 [62ce2b02] Video complete: video_62ce2b02_1767061947.mp4
2025-12-29 23:41:01 - VideoGen - INFO - 📦 REQUEST PAYLOAD: {'tema': 'O que é RAG?', 'idioma': <Language.PT: 'pt'>, 'formato': <VideoFormat.VERTICAL: 'vertical'>, 'estilo': <ScriptStyle.AUTOLABS: 'autolabs'>, 'duracao': <VideoDuration.SHORT: 'short'>, 'edicao': <EditStyle.TIKTOK: 'tiktok'>, 'voz': <VoicePreset.CEDAR: 'cedar'>, 'voz_instrucao': 'brazilian_energetic', 'velocidade': 1.1}
2025-12-29 23:41:01 - VideoGen - INFO - 📝 [3aaa7761] Generating script: O que é RAG?
2025-12-29 23:41:01 - VideoGen - INFO -     Style: autolabs | Duration: short | Edit: tiktok
2025-12-29 23:41:06 - VideoGen - INFO - ✅ [3aaa7761] Script: 5 scenes
2025-12-29 23:41:06 - VideoGen - INFO - 🎤 [3aaa7761] Generating audio (voice: cedar)
2025-12-29 23:41:06 - VideoGen - INFO - 🎤 Generating TTS (34 chars) using cedar...
2025-12-29 23:41:07 - VideoGen - INFO - ✅ Audio saved: /Users/joao/core-casts/chatterbox/videogen/temp/3aaa7761/scene_01.mp3
2025-12-29 23:41:07 - VideoGen - INFO - 🎤 Generating TTS (78 chars) using cedar...
2025-12-29 23:41:08 - VideoGen - INFO - ✅ Audio saved: /Users/joao/core-casts/chatterbox/videogen/temp/3aaa7761/scene_02.mp3
2025-12-29 23:41:08 - VideoGen - INFO - 🎤 Generating TTS (91 chars) using cedar...
2025-12-29 23:41:11 - VideoGen - INFO - ✅ Audio saved: /Users/joao/core-casts/chatterbox/videogen/temp/3aaa7761/scene_03.mp3
2025-12-29 23:41:11 - VideoGen - INFO - 🎤 Generating TTS (98 chars) using cedar...
2025-12-29 23:41:13 - VideoGen - INFO - ✅ Audio saved: /Users/joao/core-casts/chatterbox/videogen/temp/3aaa7761/scene_04.mp3
2025-12-29 23:41:13 - VideoGen - INFO - 🎤 Generating TTS (52 chars) using cedar...
2025-12-29 23:41:15 - VideoGen - INFO - ✅ Audio saved: /Users/joao/core-casts/chatterbox/videogen/temp/3aaa7761/scene_05.mp3
2025-12-29 23:41:16 - VideoGen - INFO - ✅ [3aaa7761] Audio generated
2025-12-29 23:41:16 - VideoGen - INFO - 🎥 [3aaa7761] Composing video
2025-12-29 23:41:16 - VideoGen - INFO - 📐 Video: 1080x1920, Duration: 21.0s
2025-12-29 23:41:16 - VideoGen - INFO - 🚀 Rendering scenes in parallel (max 4 threads)...
2025-12-29 23:41:40 - VideoGen - INFO - 🎉 [3aaa7761] Video complete: video_3aaa7761_1767062476.mp4
2025-12-29 23:59:46 - VideoGen - INFO - 📦 REQUEST PAYLOAD: {'tema': 'O que são Tools em LLMs (e por que isso muda tudo)', 'idioma': <Language.PT: 'pt'>, 'formato': <VideoFormat.HORIZONTAL: 'horizontal'>, 'estilo': <ScriptStyle.AUTOLABS: 'autolabs'>, 'duracao': <VideoDuration.MEDIUM: 'medium'>, 'edicao': <EditStyle.TIKTOK: 'tiktok'>, 'voz': <VoicePreset.CEDAR: 'cedar'>, 'voz_instrucao': 'brazilian_energetic', 'velocidade': 1.1}
2025-12-29 23:59:46 - VideoGen - INFO - 📝 [6767d983] Generating script: O que são Tools em LLMs (e por que isso muda tudo)
2025-12-29 23:59:46 - VideoGen - INFO -     Style: autolabs | Duration: medium | Edit: tiktok
2025-12-29 23:59:54 - VideoGen - INFO - ✅ [6767d983] Script: 8 scenes
2025-12-29 23:59:54 - VideoGen - INFO - 🎤 [6767d983] Generating audio (voice: cedar)
2025-12-29 23:59:54 - VideoGen - INFO - 🎤 Generating TTS (113 chars) using cedar...
2025-12-29 23:59:56 - VideoGen - INFO - ✅ Audio saved: /Users/joao/core-casts/chatterbox/videogen/temp/6767d983/scene_01.mp3
2025-12-29 23:59:56 - VideoGen - INFO - 🎤 Generating TTS (76 chars) using cedar...
2025-12-29 23:59:58 - VideoGen - INFO - ✅ Audio saved: /Users/joao/core-casts/chatterbox/videogen/temp/6767d983/scene_02.mp3
2025-12-29 23:59:58 - VideoGen - INFO - 🎤 Generating TTS (118 chars) using cedar...
2025-12-30 00:00:00 - VideoGen - INFO - ✅ Audio saved: /Users/joao/core-casts/chatterbox/videogen/temp/6767d983/scene_03.mp3
2025-12-30 00:00:00 - VideoGen - INFO - 🎤 Generating TTS (124 chars) using cedar...
2025-12-30 00:00:03 - VideoGen - INFO - ✅ Audio saved: /Users/joao/core-casts/chatterbox/videogen/temp/6767d983/scene_04.mp3
2025-12-30 00:00:03 - VideoGen - INFO - 🎤 Generating TTS (99 chars) using cedar...
2025-12-30 00:00:06 - VideoGen - INFO - ✅ Audio saved: /Users/joao/core-casts/chatterbox/videogen/temp/6767d983/scene_05.mp3
2025-12-30 00:00:06 - VideoGen - INFO - 🎤 Generating TTS (98 chars) using cedar...
2025-12-30 00:00:08 - VideoGen - INFO - ✅ Audio saved: /Users/joao/core-casts/chatterbox/videogen/temp/6767d983/scene_06.mp3
2025-12-30 00:00:08 - VideoGen - INFO - 🎤 Generating TTS (88 chars) using cedar...
2025-12-30 00:00:09 - VideoGen - INFO - ✅ Audio saved: /Users/joao/core-casts/chatterbox/videogen/temp/6767d983/scene_07.mp3
2025-12-30 00:00:09 - VideoGen - INFO - 🎤 Generating TTS (102 chars) using cedar...
2025-12-30 00:00:11 - VideoGen - INFO - ✅ Audio saved: /Users/joao/core-casts/chatterbox/videogen/temp/6767d983/scene_08.mp3
2025-12-30 00:00:14 - VideoGen - INFO - ✅ [6767d983] Audio generated
2025-12-30 00:00:14 - VideoGen - INFO - 🎥 [6767d983] Composing video
2025-12-30 00:00:16 - VideoGen - INFO - 📐 Video: 1920x1080, Duration: 52.3s
2025-12-30 00:00:16 - VideoGen - INFO - 🚀 Rendering scenes in parallel (max 4 threads)...
2025-12-30 00:01:11 - VideoGen - INFO - 🎉 [6767d983] Video complete: video_6767d983_1767063614.mp4
2025-12-30 10:29:56 - VideoGen - INFO - 📦 REQUEST PAYLOAD: {'tema': 'IA no celular: o que seu smartphone já faz sozinho', 'idioma': <Language.PT: 'pt'>, 'formato': <VideoFormat.HORIZONTAL: 'horizontal'>, 'estilo': <ScriptStyle.AUTOLABS: 'autolabs'>, 'duracao': <VideoDuration.MEDIUM: 'medium'>, 'edicao': <EditStyle.TIKTOK: 'tiktok'>, 'voz': <VoicePreset.ALLOY: 'alloy'>, 'voz_instrucao': 'brazilian_energetic', 'velocidade': 1.1}
2025-12-30 10:29:56 - VideoGen - INFO - 📝 [bd7ec2a5] Generating script: IA no celular: o que seu smartphone já faz sozinho
2025-12-30 10:29:56 - VideoGen - INFO -     Style: autolabs | Duration: medium | Edit: tiktok
2025-12-30 10:30:03 - VideoGen - INFO - ✅ [bd7ec2a5] Script: 8 scenes
2025-12-30 10:30:03 - VideoGen - INFO - 🎤 [bd7ec2a5] Generating audio (voice: alloy)
2025-12-30 10:30:03 - VideoGen - INFO - 🎤 Generating TTS (27 chars) using alloy...
2025-12-30 10:30:05 - VideoGen - INFO - ✅ Audio saved: /Users/joao/core-casts/chatterbox/videogen/temp/bd7ec2a5/scene_01.mp3
2025-12-30 10:30:05 - VideoGen - INFO - 🎤 Generating TTS (54 chars) using alloy...
2025-12-30 10:30:07 - VideoGen - INFO - ✅ Audio saved: /Users/joao/core-casts/chatterbox/videogen/temp/bd7ec2a5/scene_02.mp3
2025-12-30 10:30:07 - VideoGen - INFO - 🎤 Generating TTS (35 chars) using alloy...
2025-12-30 10:30:13 - VideoGen - INFO - ✅ Audio saved: /Users/joao/core-casts/chatterbox/videogen/temp/bd7ec2a5/scene_03.mp3
2025-12-30 10:30:13 - VideoGen - INFO - 🎤 Generating TTS (55 chars) using alloy...
2025-12-30 10:30:14 - VideoGen - INFO - ✅ Audio saved: /Users/joao/core-casts/chatterbox/videogen/temp/bd7ec2a5/scene_04.mp3
2025-12-30 10:30:14 - VideoGen - INFO - 🎤 Generating TTS (50 chars) using alloy...
2025-12-30 10:30:17 - VideoGen - INFO - ✅ Audio saved: /Users/joao/core-casts/chatterbox/videogen/temp/bd7ec2a5/scene_05.mp3
2025-12-30 10:30:17 - VideoGen - INFO - 🎤 Generating TTS (55 chars) using alloy...
2025-12-30 10:30:19 - VideoGen - INFO - ✅ Audio saved: /Users/joao/core-casts/chatterbox/videogen/temp/bd7ec2a5/scene_06.mp3
2025-12-30 10:30:19 - VideoGen - INFO - 🎤 Generating TTS (59 chars) using alloy...
2025-12-30 10:30:21 - VideoGen - INFO - ✅ Audio saved: /Users/joao/core-casts/chatterbox/videogen/temp/bd7ec2a5/scene_07.mp3
2025-12-30 10:30:21 - VideoGen - INFO - 🎤 Generating TTS (45 chars) using alloy...
2025-12-30 10:30:23 - VideoGen - INFO - ✅ Audio saved: /Users/joao/core-casts/chatterbox/videogen/temp/bd7ec2a5/scene_08.mp3
2025-12-30 10:30:24 - VideoGen - INFO - ✅ [bd7ec2a5] Audio generated
2025-12-30 10:30:24 - VideoGen - INFO - 🎥 [bd7ec2a5] Composing video
2025-12-30 10:30:25 - VideoGen - INFO - 📐 Video: 1920x1080, Duration: 30.5s
2025-12-30 10:30:25 - VideoGen - INFO - 🚀 Rendering scenes in parallel (max 4 threads)...
2025-12-30 10:30:49 - VideoGen - INFO - 🎉 [bd7ec2a5] Video complete: video_bd7ec2a5_1767101424.mp4
2025-12-30 10:44:14 - VideoGen - INFO - 📦 REQUEST PAYLOAD: {'tema': 'Como integrar IA com APIs e sistemas reais no n8n', 'idioma': <Language.PT: 'pt'>, 'formato': <VideoFormat.HORIZONTAL: 'horizontal'>, 'estilo': <ScriptStyle.AUTOLABS: 'autolabs'>, 'duracao': <VideoDuration.MEDIUM: 'medium'>, 'edicao': <EditStyle.TIKTOK: 'tiktok'>, 'voz': <VoicePreset.CEDAR: 'cedar'>, 'voz_instrucao': 'brazilian_energetic', 'velocidade': 1.1}
2025-12-30 10:44:14 - VideoGen - INFO - 📝 [b8ef5085] Generating script: Como integrar IA com APIs e sistemas reais no n8n
2025-12-30 10:44:14 - VideoGen - INFO -     Style: autolabs | Duration: medium | Edit: tiktok
2025-12-30 10:44:22 - VideoGen - INFO - ✅ [b8ef5085] Script: 8 scenes
2025-12-30 10:44:22 - VideoGen - INFO - 🎤 [b8ef5085] Generating audio (voice: cedar)
2025-12-30 10:44:22 - VideoGen - INFO - 🎤 Generating TTS (30 chars) using cedar...
2025-12-30 10:44:25 - VideoGen - INFO - ✅ Audio saved: /Users/joao/core-casts/chatterbox/videogen/temp/b8ef5085/scene_01.mp3
2025-12-30 10:44:25 - VideoGen - INFO - 🎤 Generating TTS (63 chars) using cedar...
2025-12-30 10:44:27 - VideoGen - INFO - ✅ Audio saved: /Users/joao/core-casts/chatterbox/videogen/temp/b8ef5085/scene_02.mp3
2025-12-30 10:44:27 - VideoGen - INFO - 🎤 Generating TTS (67 chars) using cedar...
2025-12-30 10:44:29 - VideoGen - INFO - ✅ Audio saved: /Users/joao/core-casts/chatterbox/videogen/temp/b8ef5085/scene_03.mp3
2025-12-30 10:44:29 - VideoGen - INFO - 🎤 Generating TTS (70 chars) using cedar...
2025-12-30 10:44:30 - VideoGen - INFO - ✅ Audio saved: /Users/joao/core-casts/chatterbox/videogen/temp/b8ef5085/scene_04.mp3
2025-12-30 10:44:30 - VideoGen - INFO - 🎤 Generating TTS (88 chars) using cedar...
2025-12-30 10:44:32 - VideoGen - INFO - ✅ Audio saved: /Users/joao/core-casts/chatterbox/videogen/temp/b8ef5085/scene_05.mp3
2025-12-30 10:44:32 - VideoGen - INFO - 🎤 Generating TTS (69 chars) using cedar...
2025-12-30 10:44:33 - VideoGen - INFO - ✅ Audio saved: /Users/joao/core-casts/chatterbox/videogen/temp/b8ef5085/scene_06.mp3
2025-12-30 10:44:33 - VideoGen - INFO - 🎤 Generating TTS (67 chars) using cedar...
2025-12-30 10:44:35 - VideoGen - INFO - ✅ Audio saved: /Users/joao/core-casts/chatterbox/videogen/temp/b8ef5085/scene_07.mp3
2025-12-30 10:44:35 - VideoGen - INFO - 🎤 Generating TTS (60 chars) using cedar...
2025-12-30 10:44:37 - VideoGen - INFO - ✅ Audio saved: /Users/joao/core-casts/chatterbox/videogen/temp/b8ef5085/scene_08.mp3
2025-12-30 10:44:38 - VideoGen - INFO - ✅ [b8ef5085] Audio generated
2025-12-30 10:44:38 - VideoGen - INFO - 🎥 [b8ef5085] Composing video
2025-12-30 10:44:38 - VideoGen - INFO - 📐 Video: 1920x1080, Duration: 35.1s
2025-12-30 10:44:38 - VideoGen - INFO - 🚀 Rendering scenes in parallel (max 4 threads)...
2025-12-30 10:45:04 - VideoGen - INFO - 🎉 [b8ef5085] Video complete: video_b8ef5085_1767102278.mp4
2026-01-02 10:35:51 - VideoGen - INFO - 📦 REQUEST PAYLOAD: {'tema': 'O Método Preguiçoso para Trabalhar Menos usando IA (Passo a Passo) ', 'idioma': <Language.PT: 'pt'>, 'formato': <VideoFormat.HORIZONTAL: 'horizontal'>, 'estilo': <ScriptStyle.AUTOLABS: 'autolabs'>, 'duracao': <VideoDuration.EXTRA_LONG: 'extra_long'>, 'edicao': <EditStyle.TIKTOK: 'tiktok'>, 'voz': <VoicePreset.CEDAR: 'cedar'>, 'voz_instrucao': 'brazilian_energetic', 'velocidade': 1.1}
2026-01-02 10:35:51 - VideoGen - INFO - 📝 [7f53a95e] Generating script: O Método Preguiçoso para Trabalhar Menos usando IA (Passo a Passo) 
2026-01-02 10:35:51 - VideoGen - INFO -     Style: autolabs | Duration: extra_long | Edit: tiktok
2026-01-02 10:44:40 - VideoGen - INFO - 📦 REQUEST PAYLOAD: {'tema': 'O Método Preguiçoso para Trabalhar Menos usando IA (Passo a Passo)', 'idioma': <Language.PT: 'pt'>, 'formato': <VideoFormat.HORIZONTAL: 'horizontal'>, 'estilo': <ScriptStyle.AUTOLABS: 'autolabs'>, 'duracao': <VideoDuration.EXTRA_LONG: 'extra_long'>, 'edicao': <EditStyle.TIKTOK: 'tiktok'>, 'voz': <VoicePreset.CEDAR: 'cedar'>, 'voz_instrucao': 'brazilian_energetic', 'velocidade': 1.1}
2026-01-02 10:44:40 - VideoGen - INFO - 📝 [e5098031] Generating script: O Método Preguiçoso para Trabalhar Menos usando IA (Passo a Passo)
2026-01-02 10:44:40 - VideoGen - INFO -     Style: autolabs | Duration: extra_long | Edit: tiktok
2026-01-02 11:23:58 - VideoGen - INFO - 📦 REQUEST PAYLOAD: {'tema': 'O Método Preguiçoso para Trabalhar Menos usando IA (Passo a Passo)', 'idioma': <Language.PT: 'pt'>, 'formato': <VideoFormat.HORIZONTAL: 'horizontal'>, 'estilo': <ScriptStyle.AUTOLABS: 'autolabs'>, 'duracao': <VideoDuration.EXTRA_LONG: 'extra_long'>, 'edicao': <EditStyle.TIKTOK: 'tiktok'>, 'voz': <VoicePreset.CEDAR: 'cedar'>, 'voz_instrucao': 'brazilian_energetic', 'velocidade': 1.1}
2026-01-02 11:23:58 - VideoGen - INFO - 📝 [ef328e88] Generating script: O Método Preguiçoso para Trabalhar Menos usando IA (Passo a Passo)
2026-01-02 11:23:58 - VideoGen - INFO -     Style: autolabs | Duration: extra_long | Edit: tiktok
2026-01-02 11:29:23 - VideoGen - INFO - 📦 REQUEST PAYLOAD: {'tema': 'O Método Preguiçoso para Trabalhar Menos usando IA (Passo a Passo)', 'idioma': <Language.PT: 'pt'>, 'formato': <VideoFormat.HORIZONTAL: 'horizontal'>, 'estilo': <ScriptStyle.AUTOLABS: 'autolabs'>, 'duracao': <VideoDuration.EXTRA_LONG: 'extra_long'>, 'edicao': <EditStyle.TIKTOK: 'tiktok'>, 'voz': <VoicePreset.CEDAR: 'cedar'>, 'voz_instrucao': 'brazilian_energetic', 'velocidade': 1.1}
2026-01-02 11:29:23 - VideoGen - INFO - 📝 [fb80a171] Generating script: O Método Preguiçoso para Trabalhar Menos usando IA (Passo a Passo)
2026-01-02 11:29:23 - VideoGen - INFO -     Style: autolabs | Duration: extra_long | Edit: tiktok
2026-01-02 11:48:32 - VideoGen - INFO - 📦 REQUEST PAYLOAD: {'tema': 'O Método Preguiçoso para Trabalhar Menos usando IA (Passo a Passo)', 'idioma': <Language.PT: 'pt'>, 'formato': <VideoFormat.VERTICAL: 'vertical'>, 'estilo': <ScriptStyle.AUTOLABS: 'autolabs'>, 'duracao': <VideoDuration.EXTRA_LONG: 'extra_long'>, 'edicao': <EditStyle.TIKTOK: 'tiktok'>, 'voz': <VoicePreset.CEDAR: 'cedar'>, 'voz_instrucao': 'brazilian_energetic', 'velocidade': 1.1}
2026-01-02 11:48:32 - VideoGen - INFO - 📝 [5a27dbe5] Generating script: O Método Preguiçoso para Trabalhar Menos usando IA (Passo a Passo)
2026-01-02 11:48:32 - VideoGen - INFO -     Style: autolabs | Duration: extra_long | Edit: tiktok
2026-01-02 11:49:26 - VideoGen - INFO - ✅ [5a27dbe5] Script: 61 scenes
2026-01-02 11:49:26 - VideoGen - INFO - 🎤 [5a27dbe5] Generating audio (voice: cedar)
2026-01-02 11:49:26 - VideoGen - INFO - 🎤 Generating TTS (66 chars) using cedar...
2026-01-02 11:49:30 - VideoGen - INFO - ✅ Audio saved: /Users/joao/core-casts/chatterbox/videogen/temp/5a27dbe5/scene_01.mp3
2026-01-02 11:49:30 - VideoGen - INFO - 🎤 Generating TTS (74 chars) using cedar...
2026-01-02 11:49:32 - VideoGen - INFO - ✅ Audio saved: /Users/joao/core-casts/chatterbox/videogen/temp/5a27dbe5/scene_02.mp3
2026-01-02 11:49:32 - VideoGen - INFO - 🎤 Generating TTS (73 chars) using cedar...
2026-01-02 11:49:34 - VideoGen - INFO - ✅ Audio saved: /Users/joao/core-casts/chatterbox/videogen/temp/5a27dbe5/scene_03.mp3
2026-01-02 11:49:34 - VideoGen - INFO - 🎤 Generating TTS (67 chars) using cedar...
2026-01-02 11:49:39 - VideoGen - INFO - ✅ Audio saved: /Users/joao/core-casts/chatterbox/videogen/temp/5a27dbe5/scene_04.mp3
2026-01-02 11:49:39 - VideoGen - INFO - 🎤 Generating TTS (66 chars) using cedar...
2026-01-02 11:49:42 - VideoGen - INFO - ✅ Audio saved: /Users/joao/core-casts/chatterbox/videogen/temp/5a27dbe5/scene_05.mp3
2026-01-02 11:49:42 - VideoGen - INFO - 🎤 Generating TTS (73 chars) using cedar...
2026-01-02 11:49:44 - VideoGen - INFO - ✅ Audio saved: /Users/joao/core-casts/chatterbox/videogen/temp/5a27dbe5/scene_06.mp3
2026-01-02 11:49:44 - VideoGen - INFO - 🎤 Generating TTS (70 chars) using cedar...
2026-01-02 11:49:47 - VideoGen - INFO - ✅ Audio saved: /Users/joao/core-casts/chatterbox/videogen/temp/5a27dbe5/scene_07.mp3
2026-01-02 11:49:47 - VideoGen - INFO - 🎤 Generating TTS (68 chars) using cedar...
2026-01-02 11:49:48 - VideoGen - INFO - ✅ Audio saved: /Users/joao/core-casts/chatterbox/videogen/temp/5a27dbe5/scene_08.mp3
2026-01-02 11:49:48 - VideoGen - INFO - 🎤 Generating TTS (82 chars) using cedar...
2026-01-02 11:49:51 - VideoGen - INFO - ✅ Audio saved: /Users/joao/core-casts/chatterbox/videogen/temp/5a27dbe5/scene_09.mp3
2026-01-02 11:49:51 - VideoGen - INFO - 🎤 Generating TTS (78 chars) using cedar...
2026-01-02 11:49:53 - VideoGen - INFO - ✅ Audio saved: /Users/joao/core-casts/chatterbox/videogen/temp/5a27dbe5/scene_10.mp3
2026-01-02 11:49:53 - VideoGen - INFO - 🎤 Generating TTS (72 chars) using cedar...
2026-01-02 11:49:54 - VideoGen - INFO - ✅ Audio saved: /Users/joao/core-casts/chatterbox/videogen/temp/5a27dbe5/scene_11.mp3
2026-01-02 11:49:54 - VideoGen - INFO - 🎤 Generating TTS (70 chars) using cedar...
2026-01-02 11:49:57 - VideoGen - INFO - ✅ Audio saved: /Users/joao/core-casts/chatterbox/videogen/temp/5a27dbe5/scene_12.mp3
2026-01-02 11:49:57 - VideoGen - INFO - 🎤 Generating TTS (67 chars) using cedar...
2026-01-02 11:49:59 - VideoGen - INFO - ✅ Audio saved: /Users/joao/core-casts/chatterbox/videogen/temp/5a27dbe5/scene_13.mp3
2026-01-02 11:49:59 - VideoGen - INFO - 🎤 Generating TTS (94 chars) using cedar...
2026-01-02 11:50:00 - VideoGen - INFO - ✅ Audio saved: /Users/joao/core-casts/chatterbox/videogen/temp/5a27dbe5/scene_14.mp3
2026-01-02 11:50:00 - VideoGen - INFO - 🎤 Generating TTS (81 chars) using cedar...
2026-01-02 11:50:03 - VideoGen - INFO - ✅ Audio saved: /Users/joao/core-casts/chatterbox/videogen/temp/5a27dbe5/scene_15.mp3
2026-01-02 11:50:03 - VideoGen - INFO - 🎤 Generating TTS (124 chars) using cedar...
2026-01-02 11:50:05 - VideoGen - INFO - ✅ Audio saved: /Users/joao/core-casts/chatterbox/videogen/temp/5a27dbe5/scene_16.mp3
2026-01-02 11:50:05 - VideoGen - INFO - 🎤 Generating TTS (88 chars) using cedar...
2026-01-02 11:50:07 - VideoGen - INFO - ✅ Audio saved: /Users/joao/core-casts/chatterbox/videogen/temp/5a27dbe5/scene_17.mp3
2026-01-02 11:50:07 - VideoGen - INFO - 🎤 Generating TTS (75 chars) using cedar...
2026-01-02 11:50:09 - VideoGen - INFO - ✅ Audio saved: /Users/joao/core-casts/chatterbox/videogen/temp/5a27dbe5/scene_18.mp3
2026-01-02 11:50:09 - VideoGen - INFO - 🎤 Generating TTS (89 chars) using cedar...
2026-01-02 11:50:11 - VideoGen - INFO - ✅ Audio saved: /Users/joao/core-casts/chatterbox/videogen/temp/5a27dbe5/scene_19.mp3
2026-01-02 11:50:11 - VideoGen - INFO - 🎤 Generating TTS (79 chars) using cedar...
2026-01-02 11:50:12 - VideoGen - INFO - ✅ Audio saved: /Users/joao/core-casts/chatterbox/videogen/temp/5a27dbe5/scene_20.mp3
2026-01-02 11:50:12 - VideoGen - INFO - 🎤 Generating TTS (83 chars) using cedar...
2026-01-02 11:50:14 - VideoGen - INFO - ✅ Audio saved: /Users/joao/core-casts/chatterbox/videogen/temp/5a27dbe5/scene_21.mp3
2026-01-02 11:50:14 - VideoGen - INFO - 🎤 Generating TTS (71 chars) using cedar...
2026-01-02 11:50:17 - VideoGen - INFO - ✅ Audio saved: /Users/joao/core-casts/chatterbox/videogen/temp/5a27dbe5/scene_22.mp3
2026-01-02 11:50:17 - VideoGen - INFO - 🎤 Generating TTS (53 chars) using cedar...
2026-01-02 11:50:19 - VideoGen - INFO - ✅ Audio saved: /Users/joao/core-casts/chatterbox/videogen/temp/5a27dbe5/scene_23.mp3
2026-01-02 11:50:19 - VideoGen - INFO - 🎤 Generating TTS (82 chars) using cedar...
2026-01-02 11:50:21 - VideoGen - INFO - ✅ Audio saved: /Users/joao/core-casts/chatterbox/videogen/temp/5a27dbe5/scene_24.mp3
2026-01-02 11:50:21 - VideoGen - INFO - 🎤 Generating TTS (73 chars) using cedar...
2026-01-02 11:50:23 - VideoGen - INFO - ✅ Audio saved: /Users/joao/core-casts/chatterbox/videogen/temp/5a27dbe5/scene_25.mp3
2026-01-02 11:50:23 - VideoGen - INFO - 🎤 Generating TTS (64 chars) using cedar...
2026-01-02 11:50:24 - VideoGen - INFO - ✅ Audio saved: /Users/joao/core-casts/chatterbox/videogen/temp/5a27dbe5/scene_26.mp3
2026-01-02 11:50:24 - VideoGen - INFO - 🎤 Generating TTS (71 chars) using cedar...
2026-01-02 11:50:28 - VideoGen - INFO - ✅ Audio saved: /Users/joao/core-casts/chatterbox/videogen/temp/5a27dbe5/scene_27.mp3
2026-01-02 11:50:28 - VideoGen - INFO - 🎤 Generating TTS (61 chars) using cedar...
2026-01-02 11:50:30 - VideoGen - INFO - ✅ Audio saved: /Users/joao/core-casts/chatterbox/videogen/temp/5a27dbe5/scene_28.mp3
2026-01-02 11:50:30 - VideoGen - INFO - 🎤 Generating TTS (70 chars) using cedar...
2026-01-02 11:50:31 - VideoGen - INFO - ✅ Audio saved: /Users/joao/core-casts/chatterbox/videogen/temp/5a27dbe5/scene_29.mp3
2026-01-02 11:50:31 - VideoGen - INFO - 🎤 Generating TTS (97 chars) using cedar...
2026-01-02 11:50:34 - VideoGen - INFO - ✅ Audio saved: /Users/joao/core-casts/chatterbox/videogen/temp/5a27dbe5/scene_30.mp3
2026-01-02 11:50:34 - VideoGen - INFO - 🎤 Generating TTS (72 chars) using cedar...
2026-01-02 11:50:36 - VideoGen - INFO - ✅ Audio saved: /Users/joao/core-casts/chatterbox/videogen/temp/5a27dbe5/scene_31.mp3
2026-01-02 11:50:36 - VideoGen - INFO - 🎤 Generating TTS (67 chars) using cedar...
2026-01-02 11:50:38 - VideoGen - INFO - ✅ Audio saved: /Users/joao/core-casts/chatterbox/videogen/temp/5a27dbe5/scene_32.mp3
2026-01-02 11:50:38 - VideoGen - INFO - 🎤 Generating TTS (79 chars) using cedar...
2026-01-02 11:50:40 - VideoGen - INFO - ✅ Audio saved: /Users/joao/core-casts/chatterbox/videogen/temp/5a27dbe5/scene_33.mp3
2026-01-02 11:50:40 - VideoGen - INFO - 🎤 Generating TTS (105 chars) using cedar...
2026-01-02 11:50:42 - VideoGen - INFO - ✅ Audio saved: /Users/joao/core-casts/chatterbox/videogen/temp/5a27dbe5/scene_34.mp3
2026-01-02 11:50:42 - VideoGen - INFO - 🎤 Generating TTS (72 chars) using cedar...
2026-01-02 11:50:44 - VideoGen - INFO - ✅ Audio saved: /Users/joao/core-casts/chatterbox/videogen/temp/5a27dbe5/scene_35.mp3
2026-01-02 11:50:44 - VideoGen - INFO - 🎤 Generating TTS (84 chars) using cedar...
2026-01-02 11:50:46 - VideoGen - INFO - ✅ Audio saved: /Users/joao/core-casts/chatterbox/videogen/temp/5a27dbe5/scene_36.mp3
2026-01-02 11:50:46 - VideoGen - INFO - 🎤 Generating TTS (83 chars) using cedar...
2026-01-02 11:50:47 - VideoGen - INFO - ✅ Audio saved: /Users/joao/core-casts/chatterbox/videogen/temp/5a27dbe5/scene_37.mp3
2026-01-02 11:50:47 - VideoGen - INFO - 🎤 Generating TTS (83 chars) using cedar...
2026-01-02 11:50:49 - VideoGen - INFO - ✅ Audio saved: /Users/joao/core-casts/chatterbox/videogen/temp/5a27dbe5/scene_38.mp3
2026-01-02 11:50:49 - VideoGen - INFO - 🎤 Generating TTS (91 chars) using cedar...
2026-01-02 11:50:52 - VideoGen - INFO - ✅ Audio saved: /Users/joao/core-casts/chatterbox/videogen/temp/5a27dbe5/scene_39.mp3
2026-01-02 11:50:52 - VideoGen - INFO - 🎤 Generating TTS (84 chars) using cedar...
2026-01-02 11:50:53 - VideoGen - INFO - ✅ Audio saved: /Users/joao/core-casts/chatterbox/videogen/temp/5a27dbe5/scene_40.mp3
2026-01-02 11:50:53 - VideoGen - INFO - 🎤 Generating TTS (71 chars) using cedar...
2026-01-02 11:50:55 - VideoGen - INFO - ✅ Audio saved: /Users/joao/core-casts/chatterbox/videogen/temp/5a27dbe5/scene_41.mp3
2026-01-02 11:50:55 - VideoGen - INFO - 🎤 Generating TTS (70 chars) using cedar...
2026-01-02 11:50:56 - VideoGen - INFO - ✅ Audio saved: /Users/joao/core-casts/chatterbox/videogen/temp/5a27dbe5/scene_42.mp3
2026-01-02 11:50:56 - VideoGen - INFO - 🎤 Generating TTS (73 chars) using cedar...
2026-01-02 11:50:58 - VideoGen - INFO - ✅ Audio saved: /Users/joao/core-casts/chatterbox/videogen/temp/5a27dbe5/scene_43.mp3
2026-01-02 11:50:58 - VideoGen - INFO - 🎤 Generating TTS (86 chars) using cedar...
2026-01-02 11:50:59 - VideoGen - INFO - ✅ Audio saved: /Users/joao/core-casts/chatterbox/videogen/temp/5a27dbe5/scene_44.mp3
2026-01-02 11:50:59 - VideoGen - INFO - 🎤 Generating TTS (92 chars) using cedar...
2026-01-02 11:51:01 - VideoGen - INFO - ✅ Audio saved: /Users/joao/core-casts/chatterbox/videogen/temp/5a27dbe5/scene_45.mp3
2026-01-02 11:51:01 - VideoGen - INFO - 🎤 Generating TTS (80 chars) using cedar...
2026-01-02 11:51:03 - VideoGen - INFO - ✅ Audio saved: /Users/joao/core-casts/chatterbox/videogen/temp/5a27dbe5/scene_46.mp3
2026-01-02 11:51:03 - VideoGen - INFO - 🎤 Generating TTS (117 chars) using cedar...
2026-01-02 11:51:05 - VideoGen - INFO - ✅ Audio saved: /Users/joao/core-casts/chatterbox/videogen/temp/5a27dbe5/scene_47.mp3
2026-01-02 11:51:05 - VideoGen - INFO - 🎤 Generating TTS (76 chars) using cedar...
2026-01-02 11:51:07 - VideoGen - INFO - ✅ Audio saved: /Users/joao/core-casts/chatterbox/videogen/temp/5a27dbe5/scene_48.mp3
2026-01-02 11:51:07 - VideoGen - INFO - 🎤 Generating TTS (69 chars) using cedar...
2026-01-02 11:51:09 - VideoGen - INFO - ✅ Audio saved: /Users/joao/core-casts/chatterbox/videogen/temp/5a27dbe5/scene_49.mp3
2026-01-02 11:51:09 - VideoGen - INFO - 🎤 Generating TTS (81 chars) using cedar...
2026-01-02 11:51:11 - VideoGen - INFO - ✅ Audio saved: /Users/joao/core-casts/chatterbox/videogen/temp/5a27dbe5/scene_50.mp3
2026-01-02 11:51:11 - VideoGen - INFO - 🎤 Generating TTS (63 chars) using cedar...
2026-01-02 11:51:13 - VideoGen - INFO - ✅ Audio saved: /Users/joao/core-casts/chatterbox/videogen/temp/5a27dbe5/scene_51.mp3
2026-01-02 11:51:13 - VideoGen - INFO - 🎤 Generating TTS (76 chars) using cedar...
2026-01-02 11:51:14 - VideoGen - INFO - ✅ Audio saved: /Users/joao/core-casts/chatterbox/videogen/temp/5a27dbe5/scene_52.mp3
2026-01-02 11:51:14 - VideoGen - INFO - 🎤 Generating TTS (80 chars) using cedar...
2026-01-02 11:51:16 - VideoGen - INFO - ✅ Audio saved: /Users/joao/core-casts/chatterbox/videogen/temp/5a27dbe5/scene_53.mp3
2026-01-02 11:51:16 - VideoGen - INFO - 🎤 Generating TTS (89 chars) using cedar...
2026-01-02 11:51:17 - VideoGen - INFO - ✅ Audio saved: /Users/joao/core-casts/chatterbox/videogen/temp/5a27dbe5/scene_54.mp3
2026-01-02 11:51:17 - VideoGen - INFO - 🎤 Generating TTS (58 chars) using cedar...
2026-01-02 11:51:19 - VideoGen - INFO - ✅ Audio saved: /Users/joao/core-casts/chatterbox/videogen/temp/5a27dbe5/scene_55.mp3
2026-01-02 11:51:19 - VideoGen - INFO - 🎤 Generating TTS (72 chars) using cedar...
2026-01-02 11:51:21 - VideoGen - INFO - ✅ Audio saved: /Users/joao/core-casts/chatterbox/videogen/temp/5a27dbe5/scene_56.mp3
2026-01-02 11:51:21 - VideoGen - INFO - 🎤 Generating TTS (79 chars) using cedar...
2026-01-02 11:51:22 - VideoGen - INFO - ✅ Audio saved: /Users/joao/core-casts/chatterbox/videogen/temp/5a27dbe5/scene_57.mp3
2026-01-02 11:51:22 - VideoGen - INFO - 🎤 Generating TTS (78 chars) using cedar...
2026-01-02 11:51:24 - VideoGen - INFO - ✅ Audio saved: /Users/joao/core-casts/chatterbox/videogen/temp/5a27dbe5/scene_58.mp3
2026-01-02 11:51:24 - VideoGen - INFO - 🎤 Generating TTS (80 chars) using cedar...
2026-01-02 11:51:27 - VideoGen - INFO - ✅ Audio saved: /Users/joao/core-casts/chatterbox/videogen/temp/5a27dbe5/scene_59.mp3
2026-01-02 11:51:27 - VideoGen - INFO - 🎤 Generating TTS (77 chars) using cedar...
2026-01-02 11:51:28 - VideoGen - INFO - ✅ Audio saved: /Users/joao/core-casts/chatterbox/videogen/temp/5a27dbe5/scene_60.mp3
2026-01-02 11:51:28 - VideoGen - INFO - 🎤 Generating TTS (84 chars) using cedar...
2026-01-02 11:51:29 - VideoGen - INFO - ✅ Audio saved: /Users/joao/core-casts/chatterbox/videogen/temp/5a27dbe5/scene_61.mp3
2026-01-02 11:51:43 - VideoGen - INFO - ✅ [5a27dbe5] Audio generated
2026-01-02 11:51:43 - VideoGen - INFO - 🎥 [5a27dbe5] Composing video
2026-01-02 11:51:44 - VideoGen - INFO - 📐 Video: 1080x1920, Duration: 297.7s
2026-01-02 11:51:44 - VideoGen - INFO - 🚀 Rendering scenes in parallel (max 4 threads)...
2026-01-02 11:56:42 - VideoGen - INFO - 🎉 [5a27dbe5] Video complete: video_5a27dbe5_1767365503.mp4
2026-01-02 11:59:55 - VideoGen - INFO - 📦 REQUEST PAYLOAD: {'tema': 'O Método Preguiçoso para Trabalhar Menos usando IA (Passo a Passo)', 'idioma': <Language.PT: 'pt'>, 'formato': <VideoFormat.HORIZONTAL: 'horizontal'>, 'estilo': <ScriptStyle.AUTOLABS: 'autolabs'>, 'duracao': <VideoDuration.EXTRA_LONG: 'extra_long'>, 'edicao': <EditStyle.TIKTOK: 'tiktok'>, 'voz': <VoicePreset.CEDAR: 'cedar'>, 'voz_instrucao': 'brazilian_energetic', 'velocidade': 1.1}
2026-01-02 11:59:55 - VideoGen - INFO - 📝 [3431d34b] Generating script: O Método Preguiçoso para Trabalhar Menos usando IA (Passo a Passo)
2026-01-02 11:59:55 - VideoGen - INFO -     Style: autolabs | Duration: extra_long | Edit: tiktok
2026-01-02 12:00:53 - VideoGen - INFO - ✅ [3431d34b] Script: 61 scenes
2026-01-02 12:00:53 - VideoGen - INFO - 🎤 [3431d34b] Generating audio (voice: cedar)
2026-01-02 12:00:53 - VideoGen - INFO - 🎤 Generating TTS (86 chars) using cedar...
2026-01-02 12:00:54 - VideoGen - INFO - ✅ Audio saved: /Users/joao/core-casts/chatterbox/videogen/temp/3431d34b/scene_01.mp3
2026-01-02 12:00:54 - VideoGen - INFO - 🎤 Generating TTS (44 chars) using cedar...
2026-01-02 12:00:56 - VideoGen - INFO - ✅ Audio saved: /Users/joao/core-casts/chatterbox/videogen/temp/3431d34b/scene_02.mp3
2026-01-02 12:00:56 - VideoGen - INFO - 🎤 Generating TTS (65 chars) using cedar...
2026-01-02 12:00:57 - VideoGen - INFO - ✅ Audio saved: /Users/joao/core-casts/chatterbox/videogen/temp/3431d34b/scene_03.mp3
2026-01-02 12:00:57 - VideoGen - INFO - 🎤 Generating TTS (77 chars) using cedar...
2026-01-02 12:00:59 - VideoGen - INFO - ✅ Audio saved: /Users/joao/core-casts/chatterbox/videogen/temp/3431d34b/scene_04.mp3
2026-01-02 12:00:59 - VideoGen - INFO - 🎤 Generating TTS (75 chars) using cedar...
2026-01-02 12:01:00 - VideoGen - INFO - ✅ Audio saved: /Users/joao/core-casts/chatterbox/videogen/temp/3431d34b/scene_05.mp3
2026-01-02 12:01:00 - VideoGen - INFO - 🎤 Generating TTS (80 chars) using cedar...
2026-01-02 12:01:02 - VideoGen - INFO - ✅ Audio saved: /Users/joao/core-casts/chatterbox/videogen/temp/3431d34b/scene_06.mp3
2026-01-02 12:01:02 - VideoGen - INFO - 🎤 Generating TTS (75 chars) using cedar...
2026-01-02 12:01:03 - VideoGen - INFO - ✅ Audio saved: /Users/joao/core-casts/chatterbox/videogen/temp/3431d34b/scene_07.mp3
2026-01-02 12:01:03 - VideoGen - INFO - 🎤 Generating TTS (90 chars) using cedar...
2026-01-02 12:01:05 - VideoGen - INFO - ✅ Audio saved: /Users/joao/core-casts/chatterbox/videogen/temp/3431d34b/scene_08.mp3
2026-01-02 12:01:05 - VideoGen - INFO - 🎤 Generating TTS (81 chars) using cedar...
2026-01-02 12:01:07 - VideoGen - INFO - ✅ Audio saved: /Users/joao/core-casts/chatterbox/videogen/temp/3431d34b/scene_09.mp3
2026-01-02 12:01:07 - VideoGen - INFO - 🎤 Generating TTS (65 chars) using cedar...
2026-01-02 12:01:09 - VideoGen - INFO - ✅ Audio saved: /Users/joao/core-casts/chatterbox/videogen/temp/3431d34b/scene_10.mp3
2026-01-02 12:01:09 - VideoGen - INFO - 🎤 Generating TTS (65 chars) using cedar...
2026-01-02 12:01:10 - VideoGen - INFO - ✅ Audio saved: /Users/joao/core-casts/chatterbox/videogen/temp/3431d34b/scene_11.mp3
2026-01-02 12:01:10 - VideoGen - INFO - 🎤 Generating TTS (77 chars) using cedar...
2026-01-02 12:01:12 - VideoGen - INFO - ✅ Audio saved: /Users/joao/core-casts/chatterbox/videogen/temp/3431d34b/scene_12.mp3
2026-01-02 12:01:12 - VideoGen - INFO - 🎤 Generating TTS (63 chars) using cedar...
2026-01-02 12:01:13 - VideoGen - INFO - ✅ Audio saved: /Users/joao/core-casts/chatterbox/videogen/temp/3431d34b/scene_13.mp3
2026-01-02 12:01:13 - VideoGen - INFO - 🎤 Generating TTS (67 chars) using cedar...
2026-01-02 12:01:15 - VideoGen - INFO - ✅ Audio saved: /Users/joao/core-casts/chatterbox/videogen/temp/3431d34b/scene_14.mp3
2026-01-02 12:01:15 - VideoGen - INFO - 🎤 Generating TTS (41 chars) using cedar...
2026-01-02 12:01:16 - VideoGen - INFO - ✅ Audio saved: /Users/joao/core-casts/chatterbox/videogen/temp/3431d34b/scene_15.mp3
2026-01-02 12:01:16 - VideoGen - INFO - 🎤 Generating TTS (82 chars) using cedar...
2026-01-02 12:01:18 - VideoGen - INFO - ✅ Audio saved: /Users/joao/core-casts/chatterbox/videogen/temp/3431d34b/scene_16.mp3
2026-01-02 12:01:18 - VideoGen - INFO - 🎤 Generating TTS (127 chars) using cedar...
2026-01-02 12:01:19 - VideoGen - INFO - ✅ Audio saved: /Users/joao/core-casts/chatterbox/videogen/temp/3431d34b/scene_17.mp3
2026-01-02 12:01:19 - VideoGen - INFO - 🎤 Generating TTS (36 chars) using cedar...
2026-01-02 12:01:21 - VideoGen - INFO - ✅ Audio saved: /Users/joao/core-casts/chatterbox/videogen/temp/3431d34b/scene_18.mp3
2026-01-02 12:01:21 - VideoGen - INFO - 🎤 Generating TTS (90 chars) using cedar...
2026-01-02 12:01:24 - VideoGen - INFO - ✅ Audio saved: /Users/joao/core-casts/chatterbox/videogen/temp/3431d34b/scene_19.mp3
2026-01-02 12:01:24 - VideoGen - INFO - 🎤 Generating TTS (101 chars) using cedar...
2026-01-02 12:01:25 - VideoGen - INFO - ✅ Audio saved: /Users/joao/core-casts/chatterbox/videogen/temp/3431d34b/scene_20.mp3
2026-01-02 12:01:25 - VideoGen - INFO - 🎤 Generating TTS (87 chars) using cedar...
2026-01-02 12:01:27 - VideoGen - INFO - ✅ Audio saved: /Users/joao/core-casts/chatterbox/videogen/temp/3431d34b/scene_21.mp3
2026-01-02 12:01:27 - VideoGen - INFO - 🎤 Generating TTS (94 chars) using cedar...
2026-01-02 12:01:29 - VideoGen - INFO - ✅ Audio saved: /Users/joao/core-casts/chatterbox/videogen/temp/3431d34b/scene_22.mp3
2026-01-02 12:01:29 - VideoGen - INFO - 🎤 Generating TTS (112 chars) using cedar...
2026-01-02 12:01:32 - VideoGen - INFO - ✅ Audio saved: /Users/joao/core-casts/chatterbox/videogen/temp/3431d34b/scene_23.mp3
2026-01-02 12:01:32 - VideoGen - INFO - 🎤 Generating TTS (74 chars) using cedar...
2026-01-02 12:01:33 - VideoGen - INFO - ✅ Audio saved: /Users/joao/core-casts/chatterbox/videogen/temp/3431d34b/scene_24.mp3
2026-01-02 12:01:33 - VideoGen - INFO - 🎤 Generating TTS (72 chars) using cedar...
2026-01-02 12:01:35 - VideoGen - INFO - ✅ Audio saved: /Users/joao/core-casts/chatterbox/videogen/temp/3431d34b/scene_25.mp3
2026-01-02 12:01:35 - VideoGen - INFO - 🎤 Generating TTS (90 chars) using cedar...
2026-01-02 12:01:37 - VideoGen - INFO - ✅ Audio saved: /Users/joao/core-casts/chatterbox/videogen/temp/3431d34b/scene_26.mp3
2026-01-02 12:01:37 - VideoGen - INFO - 🎤 Generating TTS (56 chars) using cedar...
2026-01-02 12:01:39 - VideoGen - INFO - ✅ Audio saved: /Users/joao/core-casts/chatterbox/videogen/temp/3431d34b/scene_27.mp3
2026-01-02 12:01:39 - VideoGen - INFO - 🎤 Generating TTS (92 chars) using cedar...
2026-01-02 12:01:41 - VideoGen - INFO - ✅ Audio saved: /Users/joao/core-casts/chatterbox/videogen/temp/3431d34b/scene_28.mp3
2026-01-02 12:01:41 - VideoGen - INFO - 🎤 Generating TTS (89 chars) using cedar...
2026-01-02 12:01:43 - VideoGen - INFO - ✅ Audio saved: /Users/joao/core-casts/chatterbox/videogen/temp/3431d34b/scene_29.mp3
2026-01-02 12:01:43 - VideoGen - INFO - 🎤 Generating TTS (113 chars) using cedar...
2026-01-02 12:01:45 - VideoGen - INFO - ✅ Audio saved: /Users/joao/core-casts/chatterbox/videogen/temp/3431d34b/scene_30.mp3
2026-01-02 12:01:45 - VideoGen - INFO - 🎤 Generating TTS (89 chars) using cedar...
2026-01-02 12:01:46 - VideoGen - INFO - ✅ Audio saved: /Users/joao/core-casts/chatterbox/videogen/temp/3431d34b/scene_31.mp3
2026-01-02 12:01:46 - VideoGen - INFO - 🎤 Generating TTS (92 chars) using cedar...
2026-01-02 12:01:49 - VideoGen - INFO - ✅ Audio saved: /Users/joao/core-casts/chatterbox/videogen/temp/3431d34b/scene_32.mp3
2026-01-02 12:01:49 - VideoGen - INFO - 🎤 Generating TTS (87 chars) using cedar...
2026-01-02 12:01:50 - VideoGen - INFO - ✅ Audio saved: /Users/joao/core-casts/chatterbox/videogen/temp/3431d34b/scene_33.mp3
2026-01-02 12:01:50 - VideoGen - INFO - 🎤 Generating TTS (84 chars) using cedar...
2026-01-02 12:01:52 - VideoGen - INFO - ✅ Audio saved: /Users/joao/core-casts/chatterbox/videogen/temp/3431d34b/scene_34.mp3
2026-01-02 12:01:52 - VideoGen - INFO - 🎤 Generating TTS (89 chars) using cedar...
2026-01-02 12:01:54 - VideoGen - INFO - ✅ Audio saved: /Users/joao/core-casts/chatterbox/videogen/temp/3431d34b/scene_35.mp3
2026-01-02 12:01:54 - VideoGen - INFO - 🎤 Generating TTS (109 chars) using cedar...
2026-01-02 12:01:57 - VideoGen - INFO - ✅ Audio saved: /Users/joao/core-casts/chatterbox/videogen/temp/3431d34b/scene_36.mp3
2026-01-02 12:01:57 - VideoGen - INFO - 🎤 Generating TTS (101 chars) using cedar...
2026-01-02 12:01:59 - VideoGen - INFO - ✅ Audio saved: /Users/joao/core-casts/chatterbox/videogen/temp/3431d34b/scene_37.mp3
2026-01-02 12:01:59 - VideoGen - INFO - 🎤 Generating TTS (101 chars) using cedar...
2026-01-02 12:02:01 - VideoGen - INFO - ✅ Audio saved: /Users/joao/core-casts/chatterbox/videogen/temp/3431d34b/scene_38.mp3
2026-01-02 12:02:01 - VideoGen - INFO - 🎤 Generating TTS (78 chars) using cedar...
2026-01-02 12:02:03 - VideoGen - INFO - ✅ Audio saved: /Users/joao/core-casts/chatterbox/videogen/temp/3431d34b/scene_39.mp3
2026-01-02 12:02:03 - VideoGen - INFO - 🎤 Generating TTS (101 chars) using cedar...
2026-01-02 12:02:05 - VideoGen - INFO - ✅ Audio saved: /Users/joao/core-casts/chatterbox/videogen/temp/3431d34b/scene_40.mp3
2026-01-02 12:02:05 - VideoGen - INFO - 🎤 Generating TTS (75 chars) using cedar...
2026-01-02 12:02:06 - VideoGen - INFO - ✅ Audio saved: /Users/joao/core-casts/chatterbox/videogen/temp/3431d34b/scene_41.mp3
2026-01-02 12:02:06 - VideoGen - INFO - 🎤 Generating TTS (104 chars) using cedar...
2026-01-02 12:02:08 - VideoGen - INFO - ✅ Audio saved: /Users/joao/core-casts/chatterbox/videogen/temp/3431d34b/scene_42.mp3
2026-01-02 12:02:08 - VideoGen - INFO - 🎤 Generating TTS (84 chars) using cedar...
2026-01-02 12:02:10 - VideoGen - INFO - ✅ Audio saved: /Users/joao/core-casts/chatterbox/videogen/temp/3431d34b/scene_43.mp3
2026-01-02 12:02:10 - VideoGen - INFO - 🎤 Generating TTS (87 chars) using cedar...
2026-01-02 12:02:11 - VideoGen - INFO - ✅ Audio saved: /Users/joao/core-casts/chatterbox/videogen/temp/3431d34b/scene_44.mp3
2026-01-02 12:02:11 - VideoGen - INFO - 🎤 Generating TTS (116 chars) using cedar...
2026-01-02 12:02:13 - VideoGen - INFO - ✅ Audio saved: /Users/joao/core-casts/chatterbox/videogen/temp/3431d34b/scene_45.mp3
2026-01-02 12:02:13 - VideoGen - INFO - 🎤 Generating TTS (92 chars) using cedar...
2026-01-02 12:02:16 - VideoGen - INFO - ✅ Audio saved: /Users/joao/core-casts/chatterbox/videogen/temp/3431d34b/scene_46.mp3
2026-01-02 12:02:16 - VideoGen - INFO - 🎤 Generating TTS (92 chars) using cedar...
2026-01-02 12:02:17 - VideoGen - INFO - ✅ Audio saved: /Users/joao/core-casts/chatterbox/videogen/temp/3431d34b/scene_47.mp3
2026-01-02 12:02:17 - VideoGen - INFO - 🎤 Generating TTS (68 chars) using cedar...
2026-01-02 12:02:19 - VideoGen - INFO - ✅ Audio saved: /Users/joao/core-casts/chatterbox/videogen/temp/3431d34b/scene_48.mp3
2026-01-02 12:02:19 - VideoGen - INFO - 🎤 Generating TTS (81 chars) using cedar...
2026-01-02 12:02:21 - VideoGen - INFO - ✅ Audio saved: /Users/joao/core-casts/chatterbox/videogen/temp/3431d34b/scene_49.mp3
2026-01-02 12:02:21 - VideoGen - INFO - 🎤 Generating TTS (84 chars) using cedar...
2026-01-02 12:02:23 - VideoGen - INFO - ✅ Audio saved: /Users/joao/core-casts/chatterbox/videogen/temp/3431d34b/scene_50.mp3
2026-01-02 12:02:23 - VideoGen - INFO - 🎤 Generating TTS (89 chars) using cedar...
2026-01-02 12:02:25 - VideoGen - INFO - ✅ Audio saved: /Users/joao/core-casts/chatterbox/videogen/temp/3431d34b/scene_51.mp3
2026-01-02 12:02:25 - VideoGen - INFO - 🎤 Generating TTS (79 chars) using cedar...
2026-01-02 12:02:27 - VideoGen - INFO - ✅ Audio saved: /Users/joao/core-casts/chatterbox/videogen/temp/3431d34b/scene_52.mp3
2026-01-02 12:02:27 - VideoGen - INFO - 🎤 Generating TTS (84 chars) using cedar...
2026-01-02 12:02:29 - VideoGen - INFO - ✅ Audio saved: /Users/joao/core-casts/chatterbox/videogen/temp/3431d34b/scene_53.mp3
2026-01-02 12:02:29 - VideoGen - INFO - 🎤 Generating TTS (107 chars) using cedar...
2026-01-02 12:02:31 - VideoGen - INFO - ✅ Audio saved: /Users/joao/core-casts/chatterbox/videogen/temp/3431d34b/scene_54.mp3
2026-01-02 12:02:31 - VideoGen - INFO - 🎤 Generating TTS (76 chars) using cedar...
2026-01-02 12:02:33 - VideoGen - INFO - ✅ Audio saved: /Users/joao/core-casts/chatterbox/videogen/temp/3431d34b/scene_55.mp3
2026-01-02 12:02:33 - VideoGen - INFO - 🎤 Generating TTS (87 chars) using cedar...
2026-01-02 12:02:35 - VideoGen - INFO - ✅ Audio saved: /Users/joao/core-casts/chatterbox/videogen/temp/3431d34b/scene_56.mp3
2026-01-02 12:02:35 - VideoGen - INFO - 🎤 Generating TTS (72 chars) using cedar...
2026-01-02 12:02:36 - VideoGen - INFO - ✅ Audio saved: /Users/joao/core-casts/chatterbox/videogen/temp/3431d34b/scene_57.mp3
2026-01-02 12:02:36 - VideoGen - INFO - 🎤 Generating TTS (89 chars) using cedar...
2026-01-02 12:02:37 - VideoGen - INFO - ✅ Audio saved: /Users/joao/core-casts/chatterbox/videogen/temp/3431d34b/scene_58.mp3
2026-01-02 12:02:37 - VideoGen - INFO - 🎤 Generating TTS (108 chars) using cedar...
2026-01-02 12:02:39 - VideoGen - INFO - ✅ Audio saved: /Users/joao/core-casts/chatterbox/videogen/temp/3431d34b/scene_59.mp3
2026-01-02 12:02:39 - VideoGen - INFO - 🎤 Generating TTS (111 chars) using cedar...
2026-01-02 12:02:41 - VideoGen - INFO - ✅ Audio saved: /Users/joao/core-casts/chatterbox/videogen/temp/3431d34b/scene_60.mp3
2026-01-02 12:02:41 - VideoGen - INFO - 🎤 Generating TTS (89 chars) using cedar...
2026-01-02 12:02:43 - VideoGen - INFO - ✅ Audio saved: /Users/joao/core-casts/chatterbox/videogen/temp/3431d34b/scene_61.mp3
2026-01-02 12:02:48 - VideoGen - INFO - ✅ [3431d34b] Audio generated
2026-01-02 12:02:48 - VideoGen - INFO - 🎥 [3431d34b] Composing video
2026-01-02 12:02:48 - VideoGen - INFO - 📐 Video: 1920x1080, Duration: 314.7s
2026-01-02 12:02:48 - VideoGen - INFO - 🚀 Rendering scenes in parallel (max 4 threads)...
2026-01-02 12:06:52 - VideoGen - INFO - 🎉 [3431d34b] Video complete: video_3431d34b_1767366168.mp4
2026-01-02 13:41:25 - VideoGen - INFO - 📦 REQUEST PAYLOAD: {'tema': 'O Método Preguiçoso para Trabalhar Menos usando IA (Passo a Passo)', 'idioma': <Language.PT: 'pt'>, 'formato': <VideoFormat.HORIZONTAL: 'horizontal'>, 'estilo': <ScriptStyle.AUTOLABS: 'autolabs'>, 'duracao': <VideoDuration.LONG: 'long'>, 'edicao': <EditStyle.TIKTOK: 'tiktok'>, 'voz': <VoicePreset.ELEVENLABS: 'elevenlabs'>, 'voz_instrucao': 'brazilian_energetic', 'velocidade': 1.1}
2026-01-02 13:41:25 - VideoGen - INFO - 📝 [c38a0c0a] Generating script: O Método Preguiçoso para Trabalhar Menos usando IA (Passo a Passo)
2026-01-02 13:41:25 - VideoGen - INFO -     Style: autolabs | Duration: long | Edit: tiktok
2026-01-02 13:41:40 - VideoGen - INFO - ✅ [c38a0c0a] Script: 10 scenes
2026-01-02 13:41:40 - VideoGen - INFO - 🎤 [c38a0c0a] Generating audio (voice: elevenlabs)
2026-01-02 13:41:40 - VideoGen - INFO - 🔊 Generating ElevenLabs Audio (75 chars)...
2026-01-02 13:41:43 - VideoGen - INFO - ✅ ElevenLabs Audio saved: /Users/joao/core-casts/chatterbox/videogen/temp/c38a0c0a/scene_01.mp3
2026-01-02 13:41:43 - VideoGen - INFO - 🔊 Generating ElevenLabs Audio (94 chars)...
2026-01-02 13:41:44 - VideoGen - INFO - ✅ ElevenLabs Audio saved: /Users/joao/core-casts/chatterbox/videogen/temp/c38a0c0a/scene_02.mp3
2026-01-02 13:41:44 - VideoGen - INFO - 🔊 Generating ElevenLabs Audio (86 chars)...
2026-01-02 13:41:46 - VideoGen - INFO - ✅ ElevenLabs Audio saved: /Users/joao/core-casts/chatterbox/videogen/temp/c38a0c0a/scene_03.mp3
2026-01-02 13:41:46 - VideoGen - INFO - 🔊 Generating ElevenLabs Audio (95 chars)...
2026-01-02 13:41:48 - VideoGen - INFO - ✅ ElevenLabs Audio saved: /Users/joao/core-casts/chatterbox/videogen/temp/c38a0c0a/scene_04.mp3
2026-01-02 13:41:48 - VideoGen - INFO - 🔊 Generating ElevenLabs Audio (103 chars)...
2026-01-02 13:41:50 - VideoGen - INFO - ✅ ElevenLabs Audio saved: /Users/joao/core-casts/chatterbox/videogen/temp/c38a0c0a/scene_05.mp3
2026-01-02 13:41:50 - VideoGen - INFO - 🔊 Generating ElevenLabs Audio (118 chars)...
2026-01-02 13:41:52 - VideoGen - INFO - ✅ ElevenLabs Audio saved: /Users/joao/core-casts/chatterbox/videogen/temp/c38a0c0a/scene_06.mp3
2026-01-02 13:41:52 - VideoGen - INFO - 🔊 Generating ElevenLabs Audio (107 chars)...
2026-01-02 13:41:54 - VideoGen - INFO - ✅ ElevenLabs Audio saved: /Users/joao/core-casts/chatterbox/videogen/temp/c38a0c0a/scene_07.mp3
2026-01-02 13:41:54 - VideoGen - INFO - 🔊 Generating ElevenLabs Audio (81 chars)...
2026-01-02 13:41:57 - VideoGen - INFO - ✅ ElevenLabs Audio saved: /Users/joao/core-casts/chatterbox/videogen/temp/c38a0c0a/scene_08.mp3
2026-01-02 13:41:57 - VideoGen - INFO - 🔊 Generating ElevenLabs Audio (118 chars)...
2026-01-02 13:41:59 - VideoGen - INFO - ✅ ElevenLabs Audio saved: /Users/joao/core-casts/chatterbox/videogen/temp/c38a0c0a/scene_09.mp3
2026-01-02 13:41:59 - VideoGen - INFO - 🔊 Generating ElevenLabs Audio (65 chars)...
2026-01-02 13:42:01 - VideoGen - INFO - ✅ ElevenLabs Audio saved: /Users/joao/core-casts/chatterbox/videogen/temp/c38a0c0a/scene_10.mp3
2026-01-02 13:42:06 - VideoGen - INFO - ✅ [c38a0c0a] Audio generated
2026-01-02 13:42:06 - VideoGen - INFO - 🎥 [c38a0c0a] Composing video
2026-01-02 13:42:08 - VideoGen - INFO - 📐 Video: 1920x1080, Duration: 51.5s
2026-01-02 13:42:08 - VideoGen - INFO - 🚀 Rendering scenes in parallel (max 4 threads)...
2026-01-02 13:43:29 - VideoGen - INFO - 🎉 [c38a0c0a] Video complete: video_c38a0c0a_1767372126.mp4
2026-01-02 14:04:14 - VideoGen - INFO - 📦 REQUEST PAYLOAD: {'tema': '3 Erros Idiotas que vão fazer a IA roubar seu emprego', 'idioma': <Language.PT: 'pt'>, 'formato': <VideoFormat.HORIZONTAL: 'horizontal'>, 'estilo': <ScriptStyle.AUTOLABS: 'autolabs'>, 'duracao': <VideoDuration.MEDIUM: 'medium'>, 'edicao': <EditStyle.TIKTOK: 'tiktok'>, 'voz': <VoicePreset.ELEVENLABS: 'elevenlabs'>, 'voz_instrucao': 'brazilian_energetic', 'velocidade': 1.1}
2026-01-02 14:04:14 - VideoGen - INFO - 📝 [eb4ce490] Generating script: 3 Erros Idiotas que vão fazer a IA roubar seu emprego
2026-01-02 14:04:14 - VideoGen - INFO -     Style: autolabs | Duration: medium | Edit: tiktok
2026-01-02 14:04:26 - VideoGen - INFO - ✅ [eb4ce490] Script: 8 scenes
2026-01-02 14:04:26 - VideoGen - INFO - 🎤 [eb4ce490] Generating audio (voice: elevenlabs)
2026-01-02 14:04:26 - VideoGen - INFO - 🔊 Generating ElevenLabs Audio (83 chars)...
2026-01-02 14:04:28 - VideoGen - INFO - ✅ ElevenLabs Audio saved: /Users/joao/core-casts/chatterbox/videogen/temp/eb4ce490/scene_01.mp3
2026-01-02 14:04:28 - VideoGen - INFO - 🔊 Generating ElevenLabs Audio (84 chars)...
2026-01-02 14:04:30 - VideoGen - INFO - ✅ ElevenLabs Audio saved: /Users/joao/core-casts/chatterbox/videogen/temp/eb4ce490/scene_02.mp3
2026-01-02 14:04:30 - VideoGen - INFO - 🔊 Generating ElevenLabs Audio (122 chars)...
2026-01-02 14:04:32 - VideoGen - INFO - ✅ ElevenLabs Audio saved: /Users/joao/core-casts/chatterbox/videogen/temp/eb4ce490/scene_03.mp3
2026-01-02 14:04:32 - VideoGen - INFO - 🔊 Generating ElevenLabs Audio (97 chars)...
2026-01-02 14:04:34 - VideoGen - INFO - ✅ ElevenLabs Audio saved: /Users/joao/core-casts/chatterbox/videogen/temp/eb4ce490/scene_04.mp3
2026-01-02 14:04:34 - VideoGen - INFO - 🔊 Generating ElevenLabs Audio (123 chars)...
2026-01-02 14:04:36 - VideoGen - INFO - ✅ ElevenLabs Audio saved: /Users/joao/core-casts/chatterbox/videogen/temp/eb4ce490/scene_05.mp3
2026-01-02 14:04:36 - VideoGen - INFO - 🔊 Generating ElevenLabs Audio (103 chars)...
2026-01-02 14:04:38 - VideoGen - INFO - ✅ ElevenLabs Audio saved: /Users/joao/core-casts/chatterbox/videogen/temp/eb4ce490/scene_06.mp3
2026-01-02 14:04:38 - VideoGen - INFO - 🔊 Generating ElevenLabs Audio (97 chars)...
2026-01-02 14:04:40 - VideoGen - INFO - ✅ ElevenLabs Audio saved: /Users/joao/core-casts/chatterbox/videogen/temp/eb4ce490/scene_07.mp3
2026-01-02 14:04:40 - VideoGen - INFO - 🔊 Generating ElevenLabs Audio (103 chars)...
2026-01-02 14:04:42 - VideoGen - INFO - ✅ ElevenLabs Audio saved: /Users/joao/core-casts/chatterbox/videogen/temp/eb4ce490/scene_08.mp3
2026-01-02 14:04:43 - VideoGen - INFO - ✅ [eb4ce490] Audio generated
2026-01-02 14:04:43 - VideoGen - INFO - 🎥 [eb4ce490] Composing video
2026-01-02 14:04:43 - VideoGen - INFO - 📐 Video: 1920x1080, Duration: 46.3s
2026-01-02 14:04:43 - VideoGen - INFO - 🚀 Rendering scenes in parallel (max 4 threads)...
2026-01-02 14:05:29 - VideoGen - INFO - 🎉 [eb4ce490] Video complete: video_eb4ce490_1767373483.mp4
2026-01-02 14:44:12 - VideoGen - INFO - 📦 REQUEST PAYLOAD: {'tema': "O Que é RAG? O Guia Absolutamente Completo (Sem 'Enrolês')", 'idioma': <Language.PT: 'pt'>, 'formato': <VideoFormat.HORIZONTAL: 'horizontal'>, 'estilo': <ScriptStyle.AUTOLABS: 'autolabs'>, 'duracao': <VideoDuration.EXTRA_LONG: 'extra_long'>, 'edicao': <EditStyle.TIKTOK: 'tiktok'>, 'voz': <VoicePreset.ELEVENLABS: 'elevenlabs'>, 'voz_instrucao': 'brazilian_energetic', 'velocidade': 1.1}
2026-01-02 14:44:12 - VideoGen - INFO - 📝 [c2f6a2c8] Generating script: O Que é RAG? O Guia Absolutamente Completo (Sem 'Enrolês')
2026-01-02 14:44:12 - VideoGen - INFO -     Style: autolabs | Duration: extra_long | Edit: tiktok
2026-01-02 14:45:09 - VideoGen - INFO - ✅ [c2f6a2c8] Script: 61 scenes
2026-01-02 14:45:09 - VideoGen - INFO - 🎤 [c2f6a2c8] Generating audio (voice: elevenlabs)
2026-01-02 14:45:09 - VideoGen - INFO - 🔊 Generating ElevenLabs Audio (96 chars)...
2026-01-02 14:45:11 - VideoGen - INFO - ✅ ElevenLabs Audio saved: /Users/joao/core-casts/chatterbox/videogen/temp/c2f6a2c8/scene_01.mp3
2026-01-02 14:45:11 - VideoGen - INFO - 🔊 Generating ElevenLabs Audio (104 chars)...
2026-01-02 14:45:13 - VideoGen - INFO - ✅ ElevenLabs Audio saved: /Users/joao/core-casts/chatterbox/videogen/temp/c2f6a2c8/scene_02.mp3
2026-01-02 14:45:13 - VideoGen - INFO - 🔊 Generating ElevenLabs Audio (88 chars)...
2026-01-02 14:45:14 - VideoGen - INFO - ✅ ElevenLabs Audio saved: /Users/joao/core-casts/chatterbox/videogen/temp/c2f6a2c8/scene_03.mp3
2026-01-02 14:45:14 - VideoGen - INFO - 🔊 Generating ElevenLabs Audio (103 chars)...
2026-01-02 14:45:16 - VideoGen - INFO - ✅ ElevenLabs Audio saved: /Users/joao/core-casts/chatterbox/videogen/temp/c2f6a2c8/scene_04.mp3
2026-01-02 14:45:16 - VideoGen - INFO - 🔊 Generating ElevenLabs Audio (104 chars)...
2026-01-02 14:45:18 - VideoGen - INFO - ✅ ElevenLabs Audio saved: /Users/joao/core-casts/chatterbox/videogen/temp/c2f6a2c8/scene_05.mp3
2026-01-02 14:45:18 - VideoGen - INFO - 🔊 Generating ElevenLabs Audio (106 chars)...
2026-01-02 14:45:20 - VideoGen - INFO - ✅ ElevenLabs Audio saved: /Users/joao/core-casts/chatterbox/videogen/temp/c2f6a2c8/scene_06.mp3
2026-01-02 14:45:20 - VideoGen - INFO - 🔊 Generating ElevenLabs Audio (104 chars)...
2026-01-02 14:45:22 - VideoGen - INFO - ✅ ElevenLabs Audio saved: /Users/joao/core-casts/chatterbox/videogen/temp/c2f6a2c8/scene_07.mp3
2026-01-02 14:45:22 - VideoGen - INFO - 🔊 Generating ElevenLabs Audio (108 chars)...
2026-01-02 14:45:24 - VideoGen - INFO - ✅ ElevenLabs Audio saved: /Users/joao/core-casts/chatterbox/videogen/temp/c2f6a2c8/scene_08.mp3
2026-01-02 14:45:24 - VideoGen - INFO - 🔊 Generating ElevenLabs Audio (53 chars)...
2026-01-02 14:45:25 - VideoGen - INFO - ✅ ElevenLabs Audio saved: /Users/joao/core-casts/chatterbox/videogen/temp/c2f6a2c8/scene_09.mp3
2026-01-02 14:45:25 - VideoGen - INFO - 🔊 Generating ElevenLabs Audio (107 chars)...
2026-01-02 14:45:27 - VideoGen - INFO - ✅ ElevenLabs Audio saved: /Users/joao/core-casts/chatterbox/videogen/temp/c2f6a2c8/scene_10.mp3
2026-01-02 14:45:27 - VideoGen - INFO - 🔊 Generating ElevenLabs Audio (119 chars)...
2026-01-02 14:45:29 - VideoGen - INFO - ✅ ElevenLabs Audio saved: /Users/joao/core-casts/chatterbox/videogen/temp/c2f6a2c8/scene_11.mp3
2026-01-02 14:45:29 - VideoGen - INFO - 🔊 Generating ElevenLabs Audio (98 chars)...
2026-01-02 14:45:31 - VideoGen - INFO - ✅ ElevenLabs Audio saved: /Users/joao/core-casts/chatterbox/videogen/temp/c2f6a2c8/scene_12.mp3
2026-01-02 14:45:31 - VideoGen - INFO - 🔊 Generating ElevenLabs Audio (116 chars)...
2026-01-02 14:45:33 - VideoGen - INFO - ✅ ElevenLabs Audio saved: /Users/joao/core-casts/chatterbox/videogen/temp/c2f6a2c8/scene_13.mp3
2026-01-02 14:45:33 - VideoGen - INFO - 🔊 Generating ElevenLabs Audio (109 chars)...
2026-01-02 14:45:35 - VideoGen - INFO - ✅ ElevenLabs Audio saved: /Users/joao/core-casts/chatterbox/videogen/temp/c2f6a2c8/scene_14.mp3
2026-01-02 14:45:35 - VideoGen - INFO - 🔊 Generating ElevenLabs Audio (96 chars)...
2026-01-02 14:45:37 - VideoGen - INFO - ✅ ElevenLabs Audio saved: /Users/joao/core-casts/chatterbox/videogen/temp/c2f6a2c8/scene_15.mp3
2026-01-02 14:45:37 - VideoGen - INFO - 🔊 Generating ElevenLabs Audio (104 chars)...
2026-01-02 14:45:39 - VideoGen - INFO - ✅ ElevenLabs Audio saved: /Users/joao/core-casts/chatterbox/videogen/temp/c2f6a2c8/scene_16.mp3
2026-01-02 14:45:39 - VideoGen - INFO - 🔊 Generating ElevenLabs Audio (82 chars)...
2026-01-02 14:45:41 - VideoGen - INFO - ✅ ElevenLabs Audio saved: /Users/joao/core-casts/chatterbox/videogen/temp/c2f6a2c8/scene_17.mp3
2026-01-02 14:45:41 - VideoGen - INFO - 🔊 Generating ElevenLabs Audio (86 chars)...
2026-01-02 14:45:43 - VideoGen - INFO - ✅ ElevenLabs Audio saved: /Users/joao/core-casts/chatterbox/videogen/temp/c2f6a2c8/scene_18.mp3
2026-01-02 14:45:43 - VideoGen - INFO - 🔊 Generating ElevenLabs Audio (83 chars)...
2026-01-02 14:45:45 - VideoGen - INFO - ✅ ElevenLabs Audio saved: /Users/joao/core-casts/chatterbox/videogen/temp/c2f6a2c8/scene_19.mp3
2026-01-02 14:45:45 - VideoGen - INFO - 🔊 Generating ElevenLabs Audio (95 chars)...
2026-01-02 14:45:47 - VideoGen - INFO - ✅ ElevenLabs Audio saved: /Users/joao/core-casts/chatterbox/videogen/temp/c2f6a2c8/scene_20.mp3
2026-01-02 14:45:47 - VideoGen - INFO - 🔊 Generating ElevenLabs Audio (89 chars)...
2026-01-02 14:45:49 - VideoGen - INFO - ✅ ElevenLabs Audio saved: /Users/joao/core-casts/chatterbox/videogen/temp/c2f6a2c8/scene_21.mp3
2026-01-02 14:45:49 - VideoGen - INFO - 🔊 Generating ElevenLabs Audio (85 chars)...
2026-01-02 14:45:50 - VideoGen - INFO - ✅ ElevenLabs Audio saved: /Users/joao/core-casts/chatterbox/videogen/temp/c2f6a2c8/scene_22.mp3
2026-01-02 14:45:50 - VideoGen - INFO - 🔊 Generating ElevenLabs Audio (102 chars)...
2026-01-02 14:45:52 - VideoGen - INFO - ✅ ElevenLabs Audio saved: /Users/joao/core-casts/chatterbox/videogen/temp/c2f6a2c8/scene_23.mp3
2026-01-02 14:45:53 - VideoGen - INFO - 🔊 Generating ElevenLabs Audio (96 chars)...
2026-01-02 14:45:55 - VideoGen - INFO - ✅ ElevenLabs Audio saved: /Users/joao/core-casts/chatterbox/videogen/temp/c2f6a2c8/scene_24.mp3
2026-01-02 14:45:55 - VideoGen - INFO - 🔊 Generating ElevenLabs Audio (85 chars)...
2026-01-02 14:45:56 - VideoGen - INFO - ✅ ElevenLabs Audio saved: /Users/joao/core-casts/chatterbox/videogen/temp/c2f6a2c8/scene_25.mp3
2026-01-02 14:45:56 - VideoGen - INFO - 🔊 Generating ElevenLabs Audio (117 chars)...
2026-01-02 14:45:58 - VideoGen - INFO - ✅ ElevenLabs Audio saved: /Users/joao/core-casts/chatterbox/videogen/temp/c2f6a2c8/scene_26.mp3
2026-01-02 14:45:58 - VideoGen - INFO - 🔊 Generating ElevenLabs Audio (85 chars)...
2026-01-02 14:46:00 - VideoGen - INFO - ✅ ElevenLabs Audio saved: /Users/joao/core-casts/chatterbox/videogen/temp/c2f6a2c8/scene_27.mp3
2026-01-02 14:46:00 - VideoGen - INFO - 🔊 Generating ElevenLabs Audio (116 chars)...
2026-01-02 14:46:02 - VideoGen - INFO - ✅ ElevenLabs Audio saved: /Users/joao/core-casts/chatterbox/videogen/temp/c2f6a2c8/scene_28.mp3
2026-01-02 14:46:02 - VideoGen - INFO - 🔊 Generating ElevenLabs Audio (54 chars)...
2026-01-02 14:46:04 - VideoGen - INFO - ✅ ElevenLabs Audio saved: /Users/joao/core-casts/chatterbox/videogen/temp/c2f6a2c8/scene_29.mp3
2026-01-02 14:46:04 - VideoGen - INFO - 🔊 Generating ElevenLabs Audio (94 chars)...
2026-01-02 14:46:06 - VideoGen - INFO - ✅ ElevenLabs Audio saved: /Users/joao/core-casts/chatterbox/videogen/temp/c2f6a2c8/scene_30.mp3
2026-01-02 14:46:06 - VideoGen - INFO - 🔊 Generating ElevenLabs Audio (89 chars)...
2026-01-02 14:46:08 - VideoGen - INFO - ✅ ElevenLabs Audio saved: /Users/joao/core-casts/chatterbox/videogen/temp/c2f6a2c8/scene_31.mp3
2026-01-02 14:46:08 - VideoGen - INFO - 🔊 Generating ElevenLabs Audio (99 chars)...
2026-01-02 14:46:09 - VideoGen - INFO - ✅ ElevenLabs Audio saved: /Users/joao/core-casts/chatterbox/videogen/temp/c2f6a2c8/scene_32.mp3
2026-01-02 14:46:09 - VideoGen - INFO - 🔊 Generating ElevenLabs Audio (106 chars)...
2026-01-02 14:46:12 - VideoGen - INFO - ✅ ElevenLabs Audio saved: /Users/joao/core-casts/chatterbox/videogen/temp/c2f6a2c8/scene_33.mp3
2026-01-02 14:46:12 - VideoGen - INFO - 🔊 Generating ElevenLabs Audio (104 chars)...
2026-01-02 14:46:14 - VideoGen - INFO - ✅ ElevenLabs Audio saved: /Users/joao/core-casts/chatterbox/videogen/temp/c2f6a2c8/scene_34.mp3
2026-01-02 14:46:14 - VideoGen - INFO - 🔊 Generating ElevenLabs Audio (90 chars)...
2026-01-02 14:46:15 - VideoGen - INFO - ✅ ElevenLabs Audio saved: /Users/joao/core-casts/chatterbox/videogen/temp/c2f6a2c8/scene_35.mp3
2026-01-02 14:46:15 - VideoGen - INFO - 🔊 Generating ElevenLabs Audio (105 chars)...
2026-01-02 14:46:17 - VideoGen - INFO - ✅ ElevenLabs Audio saved: /Users/joao/core-casts/chatterbox/videogen/temp/c2f6a2c8/scene_36.mp3
2026-01-02 14:46:17 - VideoGen - INFO - 🔊 Generating ElevenLabs Audio (55 chars)...
2026-01-02 14:46:19 - VideoGen - INFO - ✅ ElevenLabs Audio saved: /Users/joao/core-casts/chatterbox/videogen/temp/c2f6a2c8/scene_37.mp3
2026-01-02 14:46:19 - VideoGen - INFO - 🔊 Generating ElevenLabs Audio (88 chars)...
2026-01-02 14:46:21 - VideoGen - INFO - ✅ ElevenLabs Audio saved: /Users/joao/core-casts/chatterbox/videogen/temp/c2f6a2c8/scene_38.mp3
2026-01-02 14:46:21 - VideoGen - INFO - 🔊 Generating ElevenLabs Audio (77 chars)...
2026-01-02 14:46:23 - VideoGen - INFO - ✅ ElevenLabs Audio saved: /Users/joao/core-casts/chatterbox/videogen/temp/c2f6a2c8/scene_39.mp3
2026-01-02 14:46:23 - VideoGen - INFO - 🔊 Generating ElevenLabs Audio (86 chars)...
2026-01-02 14:46:25 - VideoGen - INFO - ✅ ElevenLabs Audio saved: /Users/joao/core-casts/chatterbox/videogen/temp/c2f6a2c8/scene_40.mp3
2026-01-02 14:46:25 - VideoGen - INFO - 🔊 Generating ElevenLabs Audio (61 chars)...
2026-01-02 14:46:27 - VideoGen - INFO - ✅ ElevenLabs Audio saved: /Users/joao/core-casts/chatterbox/videogen/temp/c2f6a2c8/scene_41.mp3
2026-01-02 14:46:27 - VideoGen - INFO - 🔊 Generating ElevenLabs Audio (107 chars)...
2026-01-02 14:46:29 - VideoGen - INFO - ✅ ElevenLabs Audio saved: /Users/joao/core-casts/chatterbox/videogen/temp/c2f6a2c8/scene_42.mp3
2026-01-02 14:46:29 - VideoGen - INFO - 🔊 Generating ElevenLabs Audio (87 chars)...
2026-01-02 14:46:30 - VideoGen - INFO - ✅ ElevenLabs Audio saved: /Users/joao/core-casts/chatterbox/videogen/temp/c2f6a2c8/scene_43.mp3
2026-01-02 14:46:30 - VideoGen - INFO - 🔊 Generating ElevenLabs Audio (87 chars)...
2026-01-02 14:46:32 - VideoGen - INFO - ✅ ElevenLabs Audio saved: /Users/joao/core-casts/chatterbox/videogen/temp/c2f6a2c8/scene_44.mp3
2026-01-02 14:46:32 - VideoGen - INFO - 🔊 Generating ElevenLabs Audio (108 chars)...
2026-01-02 14:46:34 - VideoGen - INFO - ✅ ElevenLabs Audio saved: /Users/joao/core-casts/chatterbox/videogen/temp/c2f6a2c8/scene_45.mp3
2026-01-02 14:46:34 - VideoGen - INFO - 🔊 Generating ElevenLabs Audio (96 chars)...
2026-01-02 14:46:36 - VideoGen - INFO - ✅ ElevenLabs Audio saved: /Users/joao/core-casts/chatterbox/videogen/temp/c2f6a2c8/scene_46.mp3
2026-01-02 14:46:36 - VideoGen - INFO - 🔊 Generating ElevenLabs Audio (97 chars)...
2026-01-02 14:46:38 - VideoGen - INFO - ✅ ElevenLabs Audio saved: /Users/joao/core-casts/chatterbox/videogen/temp/c2f6a2c8/scene_47.mp3
2026-01-02 14:46:38 - VideoGen - INFO - 🔊 Generating ElevenLabs Audio (117 chars)...
2026-01-02 14:46:40 - VideoGen - INFO - ✅ ElevenLabs Audio saved: /Users/joao/core-casts/chatterbox/videogen/temp/c2f6a2c8/scene_48.mp3
2026-01-02 14:46:40 - VideoGen - INFO - 🔊 Generating ElevenLabs Audio (95 chars)...
2026-01-02 14:46:42 - VideoGen - INFO - ✅ ElevenLabs Audio saved: /Users/joao/core-casts/chatterbox/videogen/temp/c2f6a2c8/scene_49.mp3
2026-01-02 14:46:42 - VideoGen - INFO - 🔊 Generating ElevenLabs Audio (93 chars)...
2026-01-02 14:46:44 - VideoGen - INFO - ✅ ElevenLabs Audio saved: /Users/joao/core-casts/chatterbox/videogen/temp/c2f6a2c8/scene_50.mp3
2026-01-02 14:46:44 - VideoGen - INFO - 🔊 Generating ElevenLabs Audio (104 chars)...
2026-01-02 14:46:46 - VideoGen - INFO - ✅ ElevenLabs Audio saved: /Users/joao/core-casts/chatterbox/videogen/temp/c2f6a2c8/scene_51.mp3
2026-01-02 14:46:46 - VideoGen - INFO - 🔊 Generating ElevenLabs Audio (70 chars)...
2026-01-02 14:46:48 - VideoGen - INFO - ✅ ElevenLabs Audio saved: /Users/joao/core-casts/chatterbox/videogen/temp/c2f6a2c8/scene_52.mp3
2026-01-02 14:46:48 - VideoGen - INFO - 🔊 Generating ElevenLabs Audio (103 chars)...
2026-01-02 14:46:50 - VideoGen - INFO - ✅ ElevenLabs Audio saved: /Users/joao/core-casts/chatterbox/videogen/temp/c2f6a2c8/scene_53.mp3
2026-01-02 14:46:50 - VideoGen - INFO - 🔊 Generating ElevenLabs Audio (112 chars)...
2026-01-02 14:46:52 - VideoGen - INFO - ✅ ElevenLabs Audio saved: /Users/joao/core-casts/chatterbox/videogen/temp/c2f6a2c8/scene_54.mp3
2026-01-02 14:46:52 - VideoGen - INFO - 🔊 Generating ElevenLabs Audio (94 chars)...
2026-01-02 14:46:54 - VideoGen - INFO - ✅ ElevenLabs Audio saved: /Users/joao/core-casts/chatterbox/videogen/temp/c2f6a2c8/scene_55.mp3
2026-01-02 14:46:54 - VideoGen - INFO - 🔊 Generating ElevenLabs Audio (85 chars)...
2026-01-02 14:46:55 - VideoGen - INFO - ✅ ElevenLabs Audio saved: /Users/joao/core-casts/chatterbox/videogen/temp/c2f6a2c8/scene_56.mp3
2026-01-02 14:46:55 - VideoGen - INFO - 🔊 Generating ElevenLabs Audio (87 chars)...
2026-01-02 14:46:57 - VideoGen - INFO - ✅ ElevenLabs Audio saved: /Users/joao/core-casts/chatterbox/videogen/temp/c2f6a2c8/scene_57.mp3
2026-01-02 14:46:57 - VideoGen - INFO - 🔊 Generating ElevenLabs Audio (98 chars)...
2026-01-02 14:46:59 - VideoGen - INFO - ✅ ElevenLabs Audio saved: /Users/joao/core-casts/chatterbox/videogen/temp/c2f6a2c8/scene_58.mp3
2026-01-02 14:46:59 - VideoGen - INFO - 🔊 Generating ElevenLabs Audio (93 chars)...
2026-01-02 14:47:01 - VideoGen - INFO - ✅ ElevenLabs Audio saved: /Users/joao/core-casts/chatterbox/videogen/temp/c2f6a2c8/scene_59.mp3
2026-01-02 14:47:01 - VideoGen - INFO - 🔊 Generating ElevenLabs Audio (99 chars)...
2026-01-02 14:47:03 - VideoGen - INFO - ✅ ElevenLabs Audio saved: /Users/joao/core-casts/chatterbox/videogen/temp/c2f6a2c8/scene_60.mp3
2026-01-02 14:47:03 - VideoGen - INFO - 🔊 Generating ElevenLabs Audio (75 chars)...
2026-01-02 14:47:05 - VideoGen - INFO - ✅ ElevenLabs Audio saved: /Users/joao/core-casts/chatterbox/videogen/temp/c2f6a2c8/scene_61.mp3
2026-01-02 14:47:13 - VideoGen - INFO - ✅ [c2f6a2c8] Audio generated
2026-01-02 14:47:13 - VideoGen - INFO - 🎥 [c2f6a2c8] Composing video
2026-01-02 14:47:13 - VideoGen - INFO - 📐 Video: 1920x1080, Duration: 336.5s
2026-01-02 14:47:13 - VideoGen - INFO - 🚀 Rendering scenes in parallel (max 4 threads)...
2026-01-02 15:01:48 - VideoGen - INFO - 🎉 [c2f6a2c8] Video complete: video_c2f6a2c8_1767376033.mp4
